maker,model,title,functions,life,successor,productUrl
泰和電気工業,HGF-R21,高圧接地保護装置,GR,listed,,https://www.taiwadenki.co.jp/product/product01.php
泰和電気工業,HGF-AFT,高圧地絡継電器,GR,discontinued,HGF-MV10,https://www.taiwadenki.co.jp/product/product_search.php
泰和電気工業,HGF-AIT,高圧地絡継電器,GR,discontinued,HGF-DCA10,https://www.taiwadenki.co.jp/product/product_search.php
泰和電気工業,HGF-AITO,高圧地絡継電器,GR,discontinued,HGF-DCA10,https://www.taiwadenki.co.jp/product/product_search.php
泰和電気工業,HGF-AOT,高圧地絡継電器,GR,discontinued,,https://www.taiwadenki.co.jp/product/product_search.php
泰和電気工業,HGF-BFT,高圧地絡継電器,GR,discontinued,HGF-MV10,https://www.taiwadenki.co.jp/product/product_search.php
泰和電気工業,HGF-BIT,高圧地絡継電器,GR,discontinued,HGF-DCA10,https://www.taiwadenki.co.jp/product/product_search.php
泰和電気工業,HGF-BOT,高圧地絡継電器,GR,discontinued,HGF-MV10,https://www.taiwadenki.co.jp/product/product_search.php
泰和電気工業,HGF-CF(H),高圧地絡継電器,GR,discontinued,HGF-DCA10,https://www.taiwadenki.co.jp/product/product_search.php
泰和電気工業,HGF-DCA10,高圧地絡継電器,GR,listed,,https://www.taiwadenki.co.jp/product/product01.php
泰和電気工業,HGF-DCV10,高圧地絡継電器,GR,discontinued,HGF-DCA10,https://www.taiwadenki.co.jp/product/product_search.php
泰和電気工業,HGF-FT,高圧地絡継電器,GR,discontinued,HGF-MV10,https://www.taiwadenki.co.jp/product/product_search.php
泰和電気工業,HGF-FTS,高圧地絡継電器,GR,discontinued,HGF-MV10,https://www.taiwadenki.co.jp/product/product_search.php
泰和電気工業,HGF-IT,高圧地絡継電器,GR,discontinued,HGF-DCA10,https://www.taiwadenki.co.jp/product/product_search.php
泰和電気工業,HGF-ITS,高圧地絡継電器,GR,discontinued,HGF-DCA10,https://www.taiwadenki.co.jp/product/product_search.php
泰和電気工業,HGF-MC10,高圧地絡継電器,GR,discontinued,HGF-DCA10,https://www.taiwadenki.co.jp/product/product_search.php
泰和電気工業,HGF-MV10,高圧地絡継電器,GR,listed,,https://www.taiwadenki.co.jp/product/product01.php
泰和電気工業,HGF-MVB10,高圧地絡継電器,GR,discontinued,HGF-MV10,https://www.taiwadenki.co.jp/product/product_search.php
泰和電気工業,HGF-OT,高圧地絡継電器,GR,discontinued,,https://www.taiwadenki.co.jp/product/product_search.php
泰和電気工業,HGF-ST,高圧地絡継電器,GR,discontinued,HGF-DCA10,https://www.taiwadenki.co.jp/product/product_search.php
泰和電気工業,HGF-VB,高圧地絡継電器,GR,discontinued,HGF-MV10,https://www.taiwadenki.co.jp/product/product_search.php
泰和電気工業,HGF-VF(H),高圧地絡継電器,GR,discontinued,HGF-MV10,https://www.taiwadenki.co.jp/product/product_search.php
泰和電気工業,HGF-VFC,高圧地絡継電器,GR,discontinued,,https://www.taiwadenki.co.jp/product/product_search.php
泰和電気工業,TOC-2B,静止形過電流継電器,OCR,discontinued,TOC-DA10,https://www.taiwadenki.co.jp/product/product_search.php
泰和電気工業,TOC-4B,静止形過電流継電器,OCR,discontinued,TOC-DA10,https://www.taiwadenki.co.jp/product/product_search.php
泰和電気工業,TOC-4BN,静止形過電流継電器,OCR,discontinued,TOC-DA10,https://www.taiwadenki.co.jp/product/product_search.php
泰和電気工業,TOC-DA10,静止形過電流継電器,OCR,listed,,https://www.taiwadenki.co.jp/product/product01.php
泰和電気工業,TOC-DV10,静止形過電流継電器,OCR,listed,,https://www.taiwadenki.co.jp/product/product01.php
泰和電気工業,TOC-MA10,静止形過電流継電器,OCR,discontinued,TOC-DA10,https://www.taiwadenki.co.jp/product/product_search.php
泰和電気工業,TOC-MV10,静止形過電流継電器,OCR,discontinued,TOC-DV10,https://www.taiwadenki.co.jp/product/product_search.php
泰和電気工業,TOV-DV10,過電圧継電器,OVR,listed,,https://www.taiwadenki.co.jp/product/product01.php
泰和電気工業,TOV-M10,過電圧継電器,OVR,discontinued,TOV-DV10,https://www.taiwadenki.co.jp/product/product01.php
泰和電気工業,TUV-DV10,不足電圧継電器,UVR,listed,,https://www.taiwadenki.co.jp/product/product01.php
泰和電気工業,TUV-M10,不足電圧継電器,UVR,listed,,https://www.taiwadenki.co.jp/product/product01.php
泰和電気工業,TRG-DV30,系統連系継電器,系統連系,listed,,https://www.taiwadenki.co.jp/product/product01.php
泰和電気工業,TRG-DV40,系統連系継電器,系統連系,listed,,https://www.taiwadenki.co.jp/product/product01.php
泰和電気工業,TRG-DV50,系統連系継電器,系統連系,listed,,https://www.taiwadenki.co.jp/product/product01.php
泰和電気工業,TVG-DV30,系統連系継電器,系統連系,listed,,https://www.taiwadenki.co.jp/product/product01.php
泰和電気工業,TVG-DV31,系統連系継電器,系統連系,listed,,https://www.taiwadenki.co.jp/product/product01.php
泰和電気工業,TSUV-1,無電圧検出装置,UVR,listed,,https://www.taiwadenki.co.jp/product/product01.php
泰和電気工業,TSUV-1A,無電圧検出装置,UVR,listed,,https://www.taiwadenki.co.jp/product/product01.php
泰和電気工業,TSUV-2,無電圧検出装置,UVR,listed,,https://www.taiwadenki.co.jp/product/product01.php
泰和電気工業,TSUV-2A,無電圧検出装置,UVR,listed,,https://www.taiwadenki.co.jp/product/product01.php
泰和電気工業,SHG-AF,地絡方向継電器,DGR,discontinued,SHG-DF3,https://www.taiwadenki.co.jp/product/product_search.php
泰和電気工業,SHG-AF0,地絡方向継電器,DGR,discontinued,,https://www.taiwadenki.co.jp/product/product_search.php
泰和電気工業,SHG-AF2,地絡方向継電器,DGR,discontinued,SHG-DF3,https://www.taiwadenki.co.jp/product/product_search.php
泰和電気工業,SHG-AF3前期,地絡方向継電器,DGR,listed,,https://www.taiwadenki.co.jp/product/product01.php
泰和電気工業,SHG-AF3後期,地絡方向継電器,DGR,listed,,https://www.taiwadenki.co.jp/product/product01.php
泰和電気工業,SHG-AFL2,地絡方向継電器,DGR,listed,,https://www.taiwadenki.co.jp/product/product01.php
泰和電気工業,SHG-DA11,地絡方向継電器,DGR,listed,,https://www.taiwadenki.co.jp/product/product01.php
泰和電気工業,SHG-DA21,地絡方向継電器,DGR,listed,,https://www.taiwadenki.co.jp/product/product01.php
泰和電気工業,SHG-DF3,地絡方向継電器,DGR,listed,,https://www.taiwadenki.co.jp/product/product01.php
泰和電気工業,SHG-DV11,地絡方向継電器,DGR,listed,,https://www.taiwadenki.co.jp/product/product01.php
泰和電気工業,SHG-DV21,地絡方向継電器,DGR,listed,,https://www.taiwadenki.co.jp/product/product01.php
泰和電気工業,SHG-M10,地絡方向継電器,DGR,listed,,https://www.taiwadenki.co.jp/product/product01.php
泰和電気工業,SHG-M11,地絡方向継電器,DGR,discontinued,SHG-DA11,https://www.taiwadenki.co.jp/product/product_search.php
泰和電気工業,SHG-M20,地絡方向継電器,DGR,listed,,https://www.taiwadenki.co.jp/product/product01.php
泰和電気工業,SHG-M21,地絡方向継電器,DGR,discontinued,SHG-DA21,https://www.taiwadenki.co.jp/product/product_search.php
泰和電気工業,SHG-P10B,地絡方向継電器,DGR,listed,,https://www.taiwadenki.co.jp/product/product01.php
泰和電気工業,SHG-P20B,地絡方向継電器,DGR,listed,,https://www.taiwadenki.co.jp/product/product01.php
泰和電気工業,SHG-PM,地絡方向継電器,DGR,listed,,https://www.taiwadenki.co.jp/product/product01.php
泰和電気工業,UP-50BK3,Ior方式集合形漏電継電器,"GROUP-LEAK,INS",listed,,https://www.taiwadenki.co.jp/product/product01.php
泰和電気工業,UP-50BK3M,Ior方式集合形漏電継電器,"GROUP-LEAK,INS",listed,,https://www.taiwadenki.co.jp/product/product01.php
泰和電気工業,UP-50BK6,Ior方式集合形漏電継電器,"GROUP-LEAK,INS",listed,,https://www.taiwadenki.co.jp/product/product01.php
泰和電気工業,UP-50BK6M,Ior方式集合形漏電継電器,"GROUP-LEAK,INS",listed,,https://www.taiwadenki.co.jp/product/product01.php
泰和電気工業,UP-10A,集合形漏電継電器,GROUP-LEAK,listed,,https://www.taiwadenki.co.jp/product/product01.php
泰和電気工業,UP-10B,集合形漏電継電器,GROUP-LEAK,listed,,https://www.taiwadenki.co.jp/product/product01.php
泰和電気工業,UP-10D,集合形漏電継電器,GROUP-LEAK,listed,,https://www.taiwadenki.co.jp/product/product01.php
泰和電気工業,UP-10DM,集合形漏電継電器,GROUP-LEAK,listed,,https://www.taiwadenki.co.jp/product/product01.php
泰和電気工業,UP-10K,集合形漏電継電器,GROUP-LEAK,listed,,https://www.taiwadenki.co.jp/product/product01.php
泰和電気工業,UP-10LAS,集合形漏電継電器,GROUP-LEAK,listed,,https://www.taiwadenki.co.jp/product/product01.php
泰和電気工業,UP-5D,集合形漏電継電器,GROUP-LEAK,listed,,https://www.taiwadenki.co.jp/product/product01.php
泰和電気工業,UP-5DM,集合形漏電継電器,GROUP-LEAK,listed,,https://www.taiwadenki.co.jp/product/product01.php
泰和電気工業,UPK-2D,集合形漏電継電器,GROUP-LEAK,listed,,https://www.taiwadenki.co.jp/product/product01.php
泰和電気工業,UPK-D,集合形漏電継電器,GROUP-LEAK,listed,,https://www.taiwadenki.co.jp/product/product01.php
泰和電気工業,UPR,集合形漏電継電器,GROUP-LEAK,listed,,https://www.taiwadenki.co.jp/product/product01.php
泰和電気工業,LGF-10B,漏電継電器,ELR,listed,,https://www.taiwadenki.co.jp/product/product01.php
泰和電気工業,LGF-11B,漏電継電器,ELR,listed,,https://www.taiwadenki.co.jp/product/product01.php
泰和電気工業,LGF-11F,漏電継電器,ELR,listed,,https://www.taiwadenki.co.jp/product/product01.php
泰和電気工業,LGF-12B,漏電継電器,ELR,listed,,https://www.taiwadenki.co.jp/product/product01.php
泰和電気工業,LGF-12F,漏電継電器,ELR,listed,,https://www.taiwadenki.co.jp/product/product01.php
泰和電気工業,LGF-20B,漏電継電器,ELR,listed,,https://www.taiwadenki.co.jp/product/product01.php
泰和電気工業,LGF-21B,漏電継電器,ELR,listed,,https://www.taiwadenki.co.jp/product/product01.php
泰和電気工業,LGF-21F,漏電継電器,ELR,listed,,https://www.taiwadenki.co.jp/product/product01.php
泰和電気工業,LGY-200A,漏電継電器,ELR,listed,,https://www.taiwadenki.co.jp/product/product01.php
泰和電気工業,LGY-30A,漏電継電器,ELR,listed,,https://www.taiwadenki.co.jp/product/product01.php
泰和電気工業,LL-200,漏電継電器,ELR,listed,,https://www.taiwadenki.co.jp/product/product01.php
泰和電気工業,LL-200A,漏電継電器,ELR,listed,,https://www.taiwadenki.co.jp/product/product01.php
泰和電気工業,LL-200B,漏電継電器,ELR,listed,,https://www.taiwadenki.co.jp/product/product01.php
泰和電気工業,LL-30,漏電継電器,ELR,listed,,https://www.taiwadenki.co.jp/product/product01.php
泰和電気工業,LL-30A,漏電継電器,ELR,listed,,https://www.taiwadenki.co.jp/product/product01.php
泰和電気工業,LL-30B,漏電継電器,ELR,listed,,https://www.taiwadenki.co.jp/product/product01.php
泰和電気工業,LL-30D,漏電継電器,ELR,listed,,https://www.taiwadenki.co.jp/product/product01.php
泰和電気工業,LL-30D2,漏電継電器,ELR,listed,,https://www.taiwadenki.co.jp/product/product01.php
泰和電気工業,LL-30K,漏電継電器,ELR,listed,,https://www.taiwadenki.co.jp/product/product01.php
泰和電気工業,LL-30M,漏電継電器,ELR,listed,,https://www.taiwadenki.co.jp/product/product01.php
泰和電気工業,LL-30MP,漏電継電器,ELR,listed,,https://www.taiwadenki.co.jp/product/product01.php
泰和電気工業,LL-31KA,漏電継電器,ELR,listed,,https://www.taiwadenki.co.jp/product/product01.php
泰和電気工業,LL-31KN,漏電継電器,ELR,listed,,https://www.taiwadenki.co.jp/product/product01.php
泰和電気工業,LL-31M,漏電継電器,ELR,listed,,https://www.taiwadenki.co.jp/product/product01.php
泰和電気工業,LGF-30B,Ior方式漏電継電器,"ELR,INS",listed,,https://www.taiwadenki.co.jp/product/product01.php
泰和電気工業,LGF-31B,Ior方式漏電継電器,"ELR,INS",listed,,https://www.taiwadenki.co.jp/product/product01.php
泰和電気工業,LGF-51B,Ior方式漏電継電器,"ELR,INS",listed,,https://www.taiwadenki.co.jp/product/product01.php
泰和電気工業,LGF-51F,Ior方式漏電継電器,"ELR,INS",listed,,https://www.taiwadenki.co.jp/product/product01.php
泰和電気工業,LL-50BKA,Ior方式漏電継電器,"ELR,INS",listed,,https://www.taiwadenki.co.jp/product/product01.php
泰和電気工業,LL-50BKN,Ior方式漏電継電器,"ELR,INS",listed,,https://www.taiwadenki.co.jp/product/product01.php
泰和電気工業,TVG-DV11,低圧用地絡過電圧継電器,OVGR,listed,,https://www.taiwadenki.co.jp/product/product01.php
泰和電気工業,LSA-10B,漏電選択装置,GROUP-LEAK,listed,,https://www.taiwadenki.co.jp/product/product01.php
泰和電気工業,LSA-10F,漏電選択装置,GROUP-LEAK,listed,,https://www.taiwadenki.co.jp/product/product01.php
泰和電気工業,LSA-5B,漏電選択装置,GROUP-LEAK,listed,,https://www.taiwadenki.co.jp/product/product01.php
泰和電気工業,LSA-5F,漏電選択装置,GROUP-LEAK,listed,,https://www.taiwadenki.co.jp/product/product01.php
泰和電気工業,LSM-101B,漏電選択装置,GROUP-LEAK,listed,,https://www.taiwadenki.co.jp/product/product01.php
泰和電気工業,LSM-10B,漏電選択装置,GROUP-LEAK,listed,,https://www.taiwadenki.co.jp/product/product01.php
泰和電気工業,LSM-10F,漏電選択装置,GROUP-LEAK,listed,,https://www.taiwadenki.co.jp/product/product01.php
泰和電気工業,LSM-5B,漏電選択装置,GROUP-LEAK,listed,,https://www.taiwadenki.co.jp/product/product01.php
泰和電気工業,LSM-5F,漏電選択装置,GROUP-LEAK,listed,,https://www.taiwadenki.co.jp/product/product01.php
泰和電気工業,SLR-1B,漏電選択装置,GROUP-LEAK,listed,,https://www.taiwadenki.co.jp/product/product01.php
泰和電気工業,SLR-1F,漏電選択装置,GROUP-LEAK,listed,,https://www.taiwadenki.co.jp/product/product01.php
泰和電気工業,GRT-A,漏電・漏電火災警報器試験器,INS-TEST,discontinued,,https://www.taiwadenki.co.jp/product/product01.php
泰和電気工業,RGR-1,漏電・漏電火災警報器試験器,INS-TEST,listed,,https://www.taiwadenki.co.jp/product/product01.php
泰和電気工業,RGR-10,漏電・漏電火災警報器試験器,INS-TEST,listed,,https://www.taiwadenki.co.jp/product/product01.php
泰和電気工業,RGR-2,漏電・漏電火災警報器試験器,INS-TEST,listed,,https://www.taiwadenki.co.jp/product/product01.php
日立産機システム,HDR-OC1,過電流継電器,OCR,current,,https://www.hitachi-ies.co.jp/products/hdn/ry.html
日立産機システム,HDR-OM1,過電流継電器,OCR,current,,https://www.hitachi-ies.co.jp/products/hdn/ry.html
日立産機システム,HDR-OS1,過電流継電器,OCR,current,,https://www.hitachi-ies.co.jp/products/hdn/ry.html
日立産機システム,HDR-GS1,地絡過電流継電器,OCGR,current,,https://www.hitachi-ies.co.jp/products/hdn/ry.html
日立産機システム,HDR-GF1,地絡方向継電器,DGR,current,,https://www.hitachi-ies.co.jp/products/hdn/ry.html
日立産機システム,HDR-VU1,不足電圧継電器,UVR,current,,https://www.hitachi-ies.co.jp/products/hdn/ry.html
日立産機システム,HDR-VA1,過電圧継電器,OVR,current,,https://www.hitachi-ies.co.jp/products/hdn/ry.html
日立産機システム,HDR-YT1,比率差動継電器,比率差動,current,,https://www.hitachi-ies.co.jp/products/hdn/ry.html
日立産機システム,HDR-OL1,地絡過電流継電器,OCGR,current,,https://www.hitachi-ies.co.jp/products/hdn/ry.html
日立産機システム,HDR-HG1,地絡方向継電器,DGR,current,,https://www.hitachi-ies.co.jp/products/hdn/ry.html
日立産機システム,HDL-A1A,複合形ディジタルリレー,複合・各種,current,,https://library.hitachi-ies.co.jp/Search/product/?doc=1&prod=2310
日立産機システム,HDL-A2A,複合形ディジタルリレー,複合・各種,current,,https://library.hitachi-ies.co.jp/Search/product/?doc=1&prod=2310
日立産機システム,HDL-A1,複合形ディジタルリレー,複合・各種,discontinued,HDL-A1A,https://library.hitachi-ies.co.jp/Search/product/?doc=1&prod=2310
日立産機システム,HDL-A2,複合形ディジタルリレー,複合・各種,discontinued,HDL-A2A,https://library.hitachi-ies.co.jp/Search/product/?doc=1&prod=2310
日立産機システム,ZE-1NF,低圧絶縁監視ユニット,INS,current,,https://www.hitachi-ies.co.jp/products/kanshi/zetsuen/index.html
日立産機システム,ZE-1NB,低圧絶縁監視ユニット,INS,current,,https://www.hitachi-ies.co.jp/products/kanshi/zetsuen/index.html
日立産機システム,ZE-1RF,低圧絶縁監視ユニット（漏電リレー機能付）,"INS,ELR",current,,https://www.hitachi-ies.co.jp/products/kanshi/zetsuen/index.html
日立産機システム,ZE-1RB,低圧絶縁監視ユニット（漏電リレー機能付）,"INS,ELR",current,,https://www.hitachi-ies.co.jp/products/kanshi/zetsuen/index.html
日立産機システム,ZE-2NF,低圧絶縁監視ユニット,INS,current,,https://www.hitachi-ies.co.jp/products/kanshi/zetsuen/index.html
日立産機システム,ZE-2NB,低圧絶縁監視ユニット,INS,current,,https://www.hitachi-ies.co.jp/products/kanshi/zetsuen/index.html
日立産機システム,ZE-2RF,低圧絶縁監視ユニット（漏電リレー機能付）,"INS,ELR",current,,https://www.hitachi-ies.co.jp/products/kanshi/zetsuen/index.html
日立産機システム,ZE-2RB,低圧絶縁監視ユニット（漏電リレー機能付）,"INS,ELR",current,,https://www.hitachi-ies.co.jp/products/kanshi/zetsuen/index.html
日立産機システム,ZE-6NF3,集合形低圧絶縁監視ユニット,GROUP-INS,current,,https://www.hitachi-ies.co.jp/products/kanshi/zetsuen/index.html
日立産機システム,ZE-6NB3,集合形低圧絶縁監視ユニット,GROUP-INS,current,,https://www.hitachi-ies.co.jp/products/kanshi/zetsuen/index.html
日立産機システム,ZE-6RF3,集合形低圧絶縁監視ユニット（漏電リレー機能付）,"GROUP-INS,GROUP-LEAK",current,,https://www.hitachi-ies.co.jp/products/kanshi/zetsuen/index.html
日立産機システム,ZE-6RB3,集合形低圧絶縁監視ユニット（漏電リレー機能付）,"GROUP-INS,GROUP-LEAK",current,,https://www.hitachi-ies.co.jp/products/kanshi/zetsuen/index.html
日立産機システム,ZE-10NF3,集合形低圧絶縁監視ユニット,GROUP-INS,current,,https://www.hitachi-ies.co.jp/products/kanshi/zetsuen/index.html
日立産機システム,ZE-10NB3,集合形低圧絶縁監視ユニット,GROUP-INS,current,,https://www.hitachi-ies.co.jp/products/kanshi/zetsuen/index.html
日立産機システム,ZE-10RF3,集合形低圧絶縁監視ユニット（漏電リレー機能付）,"GROUP-INS,GROUP-LEAK",current,,https://www.hitachi-ies.co.jp/products/kanshi/zetsuen/index.html
日立産機システム,ZE-10RB3,集合形低圧絶縁監視ユニット（漏電リレー機能付）,"GROUP-INS,GROUP-LEAK",current,,https://www.hitachi-ies.co.jp/products/kanshi/zetsuen/index.html
日立産機システム,ZE-1NF-4A,低圧絶縁監視ユニット 4000mAオーダー品,INS,listed,,https://www.hitachi-ies.co.jp/products/kanshi/zetsuen/index.html
日立産機システム,ZE-1NB-4A,低圧絶縁監視ユニット 4000mAオーダー品,INS,listed,,https://www.hitachi-ies.co.jp/products/kanshi/zetsuen/index.html
日立産機システム,ZE-2NF-4A,低圧絶縁監視ユニット 4000mAオーダー品,INS,listed,,https://www.hitachi-ies.co.jp/products/kanshi/zetsuen/index.html
日立産機システム,ZE-2NB-4A,低圧絶縁監視ユニット 4000mAオーダー品,INS,listed,,https://www.hitachi-ies.co.jp/products/kanshi/zetsuen/index.html
第一エレクトロニクス,DMR-F,ディジタルマルチリレー DMR-Pro,複合・各種,current,,https://www.daiichi-ele.co.jp/product/product_0067.html
第一エレクトロニクス,DMR-RR,ディジタルマルチリレー DMR-Pro,複合・各種,current,,https://www.daiichi-ele.co.jp/product/product_0067.html
第一エレクトロニクス,DMR-FR,ディジタルマルチリレー DMR-Pro,複合・各種,current,,https://www.daiichi-ele.co.jp/product/product_0067.html
第一エレクトロニクス,DMR-B,ディジタルマルチリレー DMR-Pro,複合・各種,current,,https://www.daiichi-ele.co.jp/product/product_0067.html
第一エレクトロニクス,DMR-S,ディジタルマルチリレー DMR-Pro,複合・各種,current,,https://www.daiichi-ele.co.jp/product/product_0067.html
第一エレクトロニクス,DMR-FW,ディジタルマルチリレー DMR-Pro,複合・各種,current,,https://www.daiichi-ele.co.jp/product/product_0067.html
第一エレクトロニクス,DMR-SW,ディジタルマルチリレー DMR-Pro,複合・各種,current,,https://www.daiichi-ele.co.jp/product/product_0067.html
第一エレクトロニクス,DRPR-72,ディジタル逆電力リレー,"RPR,UPR",current,,https://www.daiichi-ele.co.jp/product/product_0102.html
第一エレクトロニクス,DVRR-72,ディジタル地絡過電圧・逆電力リレー,"OVGR,RPR",current,,https://www.daiichi-ele.co.jp/product/product_0104.html
第一エレクトロニクス,DLOR-110,ディジタル漏電・過負荷リレー,"ELR,INS,OCR,モータ保護",current,,https://www.daiichi-ele.co.jp/product/product_0096.html
エネゲート,CUP-C1T,ディジタル過電流保護リレー,"OCR,OCGR",current,,https://www.enegate.co.jp/products/denryoku/denryoku03.html
美和電気,AE-511,欠相・過電圧継電器,"OVR,三相電圧",current,,https://www.miwa-denki.co.jp/products/keidenki/
美和電気,VC-8E2,異常電圧検出継電器,"OVR,UVR",current,,https://www.miwa-denki.co.jp/products/keidenki/
美和電気,PG-121,段階式地絡過電圧継電器,OVGR,current,,https://www.miwa-denki.co.jp/products/keidenki/
美和電気,PG-191,段階式地絡過電圧継電器,OVGR,current,,https://www.miwa-denki.co.jp/products/keidenki/
美和電気,AE-302B,電圧監視継電器,三相電圧,current,,https://www.miwa-denki.co.jp/products/keidenki/
美和電気,AE-501,欠相・過電圧継電器,"OVR,三相電圧",discontinued,AE-511,https://www.miwa-denki.co.jp/products/keidenki/
長谷川電機工業,RHG-1,広温形高圧地絡継電器,GR,current,,https://www.hasegawa-elec.co.jp/archives/relay_cate/acrelay/ac-high
長谷川電機工業,RDG-UF8D,アナログ形地絡方向継電器,DGR,current,,https://www.hasegawa-elec.co.jp/archives/relay_cate/acrelay/ac-high
長谷川電機工業,VG-BM7A,静止形母線継電器,複合・各種,current,,https://www.hasegawa-elec.co.jp/archives/relay_cate/acrelay/ac-high
長谷川電機工業,VDG-PD1,プラグイン式地絡保護継電器,DGR,current,,https://www.hasegawa-elec.co.jp/archives/relay_cate/acrelay/ac-high
長谷川電機工業,VVG-PD1,プラグイン式地絡保護継電器,OVGR,current,,https://www.hasegawa-elec.co.jp/archives/relay_cate/acrelay/ac-high
長谷川電機工業,VG-HSV5,旧形地絡保護継電器,GR,legacy,RHG-1,https://www.hasegawa-elec.co.jp/faq/relay
長谷川電機工業,VG-BM4,旧形地絡保護継電器,複合・各種,legacy,VG-BM7A,https://www.hasegawa-elec.co.jp/faq/relay
長谷川電機工業,VG-UF3T,旧形地絡保護継電器,DGR,legacy,RDG-UF8D,https://www.hasegawa-elec.co.jp/faq/relay
戸上電機製作所,LTR-R-O,SOG制御装置（無方向性）,"SOG,GR",current,,https://www.togami-elec.co.jp/product/sog_seigyo/product_202.php
戸上電機製作所,LTR-R-F,SOG制御装置（無方向性）,"SOG,GR",current,,https://www.togami-elec.co.jp/product/sog_seigyo/product_202.php
戸上電機製作所,LTR-R,SOG制御装置（無方向性）,"SOG,GR",current,,https://www.togami-elec.co.jp/product/sog_seigyo/product_202.php
戸上電機製作所,LTR-RS-O,SOG制御装置（無方向性）,"SOG,GR",current,,https://www.togami-elec.co.jp/product/sog_seigyo/product_202.php
戸上電機製作所,LTR-RS-OQ12,SOG制御装置（無方向性）,"SOG,GR",current,,https://www.togami-elec.co.jp/product/sog_seigyo/product_202.php
戸上電機製作所,LTR-R-DO,SOG制御装置（方向性）,"SOG,DGR",current,,https://www.togami-elec.co.jp/product/sog_seigyo/product_202.php
戸上電機製作所,LTR-R-DF,SOG制御装置（方向性）,"SOG,DGR",current,,https://www.togami-elec.co.jp/product/sog_seigyo/product_202.php
戸上電機製作所,LTR-R2-DF,SOG制御装置（方向性）,"SOG,DGR",current,,https://www.togami-elec.co.jp/product/sog_seigyo/product_202.php
戸上電機製作所,LTR-R-D,SOG制御装置（方向性）,"SOG,DGR",current,,https://www.togami-elec.co.jp/product/sog_seigyo/product_202.php
戸上電機製作所,LTR-RS-DO,SOG制御装置（方向性）,"SOG,DGR",current,,https://www.togami-elec.co.jp/product/sog_seigyo/product_202.php
戸上電機製作所,LTR-RS-DOQ12,SOG制御装置（方向性）,"SOG,DGR",current,,https://www.togami-elec.co.jp/product/sog_seigyo/product_202.php
戸上電機製作所,LTR-RS-DOQ1222,SOG制御装置（方向性）,"SOG,DGR",current,,https://www.togami-elec.co.jp/product/sog_seigyo/product_202.php
戸上電機製作所,LTR-R-OT,SOG制御装置（無方向性）,"SOG,GR",current,,https://www.togami-elec.co.jp/product/sog_seigyo/product_202.php
戸上電機製作所,LTR-RS-OT,SOG制御装置（無方向性）,"SOG,GR",current,,https://www.togami-elec.co.jp/product/sog_seigyo/product_202.php
戸上電機製作所,LTR-RS-OTQ12,SOG制御装置（無方向性）,"SOG,GR",current,,https://www.togami-elec.co.jp/product/sog_seigyo/product_202.php
戸上電機製作所,LTR-R-DOT,SOG制御装置（方向性）,"SOG,DGR",current,,https://www.togami-elec.co.jp/product/sog_seigyo/product_202.php
戸上電機製作所,LTR-RS-DOT,SOG制御装置（方向性）,"SOG,DGR",current,,https://www.togami-elec.co.jp/product/sog_seigyo/product_202.php
戸上電機製作所,LTR-RS-DOTQ12,SOG制御装置（方向性）,"SOG,DGR",current,,https://www.togami-elec.co.jp/product/sog_seigyo/product_202.php
戸上電機製作所,LTR-RS-DOTQ1221,SOG制御装置（方向性）,"SOG,DGR",current,,https://www.togami-elec.co.jp/product/sog_seigyo/product_202.php
戸上電機製作所,LTR-R-DOP,SOG制御装置（方向性）,"SOG,DGR",current,,https://www.togami-elec.co.jp/product/sog_seigyo/product_202.php
戸上電機製作所,LTR-R-OP,SOG制御装置（無方向性）,"SOG,GR",current,,https://www.togami-elec.co.jp/product/sog_seigyo/product_202.php
戸上電機製作所,LTR-R-OTP,SOG制御装置（無方向性）,"SOG,GR",current,,https://www.togami-elec.co.jp/product/sog_seigyo/product_202.php
戸上電機製作所,LTR-R-DOTP,SOG制御装置（方向性）,"SOG,DGR",current,,https://www.togami-elec.co.jp/product/sog_seigyo/product_202.php
戸上電機製作所,LTR-RS-DOLQ12,SOG制御装置（方向性）,"SOG,DGR",current,,https://www.togami-elec.co.jp/product/sog_seigyo/product_202.php
戸上電機製作所,LTR-RS-OLQ12,SOG制御装置（無方向性）,"SOG,GR",current,,https://www.togami-elec.co.jp/product/sog_seigyo/product_202.php
戸上電機製作所,LTR-R-DB,SOG制御装置（方向性）,"SOG,DGR",current,,https://www.togami-elec.co.jp/product/sog_seigyo/product_202.php
戸上電機製作所,LTR-R-DOB,SOG制御装置（方向性）,"SOG,DGR",current,,https://www.togami-elec.co.jp/product/sog_seigyo/product_202.php
戸上電機製作所,LTR-R-DOTB,SOG制御装置（方向性）,"SOG,DGR",current,,https://www.togami-elec.co.jp/product/sog_seigyo/product_202.php
戸上電機製作所,LTR-R-DFB,SOG制御装置（方向性）,"SOG,DGR",current,,https://www.togami-elec.co.jp/product/sog_seigyo/product_202.php
戸上電機製作所,LTR-RS-DOTB,SOG制御装置（方向性）,"SOG,DGR",current,,https://www.togami-elec.co.jp/product/sog_seigyo/product_202.php
戸上電機製作所,LTR-RS-DOBQ12,SOG制御装置（方向性）,"SOG,DGR",current,,https://www.togami-elec.co.jp/product/sog_seigyo/product_202.php
戸上電機製作所,LTR-RS-DOTBQ12,SOG制御装置（方向性）,"SOG,DGR",current,,https://www.togami-elec.co.jp/product/sog_seigyo/product_202.php
エナジーサポート,GCL-R2-J,無方向性SOG制御装置,"SOG,GR",current,,https://www.energys.co.jp/equipment/sog/non-directional/
エナジーサポート,GCL-R2-JV,無方向性SOG制御装置,"SOG,GR",current,,https://www.energys.co.jp/equipment/sog/non-directional/
エナジーサポート,GCL-R2-S,無方向性SOG制御装置,"SOG,GR",current,,https://www.energys.co.jp/equipment/sog/non-directional/
エナジーサポート,GCL-R2-SV,無方向性SOG制御装置,"SOG,GR",current,,https://www.energys.co.jp/equipment/sog/non-directional/
エナジーサポート,GCL-R2-M,無方向性SOG制御装置,"SOG,GR",current,,https://www.energys.co.jp/equipment/sog/non-directional/
エナジーサポート,DGCL-R3-J,方向性SOG制御装置,"SOG,DGR",current,,https://www.energys.co.jp/equipment/sog/directional/
エナジーサポート,DGCL-R3-JV,方向性SOG制御装置,"SOG,DGR",current,,https://www.energys.co.jp/equipment/sog/directional/
エナジーサポート,DGCL-R3-S,方向性SOG制御装置,"SOG,DGR",current,,https://www.energys.co.jp/equipment/sog/directional/
エナジーサポート,DGCL-R3-SV,方向性SOG制御装置,"SOG,DGR",current,,https://www.energys.co.jp/equipment/sog/directional/
エナジーサポート,DGCL-R3-M,方向性SOG制御装置,"SOG,DGR",current,,https://www.energys.co.jp/equipment/sog/directional/
日本高圧電気,RAS-5,無方向性SOG制御装置,"SOG,GR",current,,https://www.nkeco.co.jp/work/high-pressure-switch02/
日本高圧電気,RDG-5,方向性SOG制御装置,"SOG,DGR",current,,https://www.nkeco.co.jp/work/high-pressure-switch02/
大垣電機,OR-SOG,無方向性SOG制御器,"SOG,GR",listed,,https://www.ogakidenki.co.jp/pdf/
大垣電機,OR-SOG2,無方向性SOG制御器,"SOG,GR",listed,,https://www.ogakidenki.co.jp/pdf/
大垣電機,OR-SOG3,無方向性SOG制御器,"SOG,GR",listed,,https://www.ogakidenki.co.jp/pdf/
大垣電機,OR-SOG5,無方向性SOG制御器,"SOG,GR",listed,,https://www.ogakidenki.co.jp/pdf/
大垣電機,OR-SOG51,無方向性SOG制御器,"SOG,GR",listed,,https://www.ogakidenki.co.jp/pdf/
大垣電機,OR-SOG6,無方向性SOG制御器,"SOG,GR",listed,,https://www.ogakidenki.co.jp/pdf/
大垣電機,LDG-28,方向性SOG制御器,"SOG,DGR",listed,,https://www.ogakidenki.co.jp/pdf/
大垣電機,ODG-S1A,方向性SOG制御器,"SOG,DGR",listed,,https://www.ogakidenki.co.jp/pdf/
大垣電機,ODG-F4,方向性SOG制御器,"SOG,DGR",listed,,https://www.ogakidenki.co.jp/pdf/
大垣電機,ODG-TF1,方向性SOG制御器,"SOG,DGR",listed,,https://www.ogakidenki.co.jp/pdf/
大垣電機,ODG-TB1,方向性SOG制御器,"SOG,DGR",listed,,https://www.ogakidenki.co.jp/pdf/
大垣電機,ODG-S2A,方向性SOG制御器,"SOG,DGR",listed,,https://www.ogakidenki.co.jp/pdf/
大垣電機,ODG-S3,方向性SOG制御器,"SOG,DGR",listed,,https://www.ogakidenki.co.jp/pdf/
大垣電機,ODG-S31,方向性SOG制御器,"SOG,DGR",listed,,https://www.ogakidenki.co.jp/pdf/
大垣電機,ODG-S5,方向性SOG制御器,"SOG,DGR",listed,,https://www.ogakidenki.co.jp/pdf/
大垣電機,ODG-S6,方向性SOG制御器,"SOG,DGR",listed,,https://www.ogakidenki.co.jp/pdf/
三英社製作所,RM646,方向性SOG制御装置,"SOG,DGR",current,,https://san-eisha.co.jp/products/sb010-rm647/
三英社製作所,RM647,方向性SOG制御装置,"SOG,DGR",current,,https://san-eisha.co.jp/products/sb010-rm647/
三英社製作所,RM647L7,方向性SOG制御装置,"SOG,DGR",current,,https://san-eisha.co.jp/products/sb010-rm647/
三英社製作所,RM647L4,方向性SOG制御装置,"SOG,DGR",legacy,,https://san-eisha.co.jp/products/
三英社製作所,RM641,方向性SOG制御装置,"SOG,DGR",legacy,,https://san-eisha.co.jp/products/
三英社製作所,RM634,方向性SOG制御装置,"SOG,DGR",legacy,,https://san-eisha.co.jp/products/
三英社製作所,RM619,方向性SOG制御装置,"SOG,DGR",legacy,,https://san-eisha.co.jp/products/
三英社製作所,RG488,方向性SOG制御装置,"SOG,DGR",legacy,,https://san-eisha.co.jp/products/
三英社製作所,RG491,方向性SOG制御装置,"SOG,DGR",legacy,,https://san-eisha.co.jp/products/
正興電機製作所,GD-B,高速動作表面形漏電リレー,ELR,current,,https://www.seiko-denki.co.jp/product/component/roudenrelay/
正興電機製作所,GD-C,多機能表面形漏電リレー,ELR,current,,https://www.seiko-denki.co.jp/product/component/roudenrelay/
正興電機製作所,GD-D,多機能埋込形漏電リレー,ELR,current,,https://www.seiko-denki.co.jp/product/component/roudenrelay/
正興電機製作所,GD-E,集合形漏電リレー,GROUP-LEAK,current,,https://www.seiko-denki.co.jp/product/component/roudenrelay/
正興電機製作所,GD-W,2段警報式漏電リレー,ELR,current,,https://www.seiko-denki.co.jp/product/component/roudenrelay/
テンパール工業,SG-AL5,漏電リレー,ELR,current,,https://www.tempearl.co.jp/products/item/?cate=7&no=68
テンパール工業,SG-AL4K,漏電リレー,ELR,current,,https://www.tempearl.co.jp/products/item/?cate=7&no=69
テンパール工業,SG-B5,漏電リレー,ELR,current,,https://www.tempearl.co.jp/products/item/?cate=7&no=35
テンパール工業,SG-B2,漏電リレー,ELR,current,,https://www.tempearl.co.jp/products/item/?cate=7&no=33
テンパール工業,SG-B1,漏電リレー,ELR,current,,https://www.tempearl.co.jp/products/item/?cate=7&no=31
テンパール工業,DS-IT,直流電路地絡検出装置,DC-ELR,current,,https://www.tempearl.co.jp/download/
テンパール工業,DS-IU,直流電路地絡検出装置,DC-ELR,current,,https://www.tempearl.co.jp/download/
テンパール工業,DS-ST,直流電路地絡検出装置,DC-ELR,current,,https://www.tempearl.co.jp/download/
寺崎電気産業,TZS-15HD,高感度高速形漏電リレー,ELR,current,,https://www.terasaki.co.jp/business/breaker/relay/
寺崎電気産業,TZS-15MD,中感度時延形漏電リレー,ELR,current,,https://www.terasaki.co.jp/business/breaker/relay/
寺崎電気産業,TZS-24HD,高感度高速形漏電リレー,ELR,current,,https://www.terasaki.co.jp/business/breaker/relay/
寺崎電気産業,TZS-24MD,中感度時延形漏電リレー,ELR,current,,https://www.terasaki.co.jp/business/breaker/relay/
寺崎電気産業,TZS-40HD,高感度高速形漏電リレー,ELR,current,,https://www.terasaki.co.jp/business/breaker/relay/
寺崎電気産業,TZS-40MD,中感度時延形漏電リレー,ELR,current,,https://www.terasaki.co.jp/business/breaker/relay/
寺崎電気産業,TZS-68HD,高感度高速形漏電リレー,ELR,current,,https://www.terasaki.co.jp/business/breaker/relay/
寺崎電気産業,TZS-68MD,中感度時延形漏電リレー,ELR,current,,https://www.terasaki.co.jp/business/breaker/relay/
寺崎電気産業,TZS-100HD,高感度高速形漏電リレー,ELR,current,,https://www.terasaki.co.jp/business/breaker/relay/
寺崎電気産業,TZS-100MD,中感度時延形漏電リレー,ELR,current,,https://www.terasaki.co.jp/business/breaker/relay/
寺崎電気産業,PRS-1H,マルチ保護リレー,"複合・各種,発電機保護",current,,https://www.terasaki.co.jp/business/breaker/prs-1h.html
寺崎電気産業,PRS-1S,モータ保護リレー,モータ保護,current,,https://www.terasaki.co.jp/business/breaker/prs_1s.html
トーエネック,DGR-LTH,低圧電路用地絡方向継電器 高感度形,DGR,current,,https://www.toenec.co.jp/guide/const_equipment/keidenki/index.html
トーエネック,DGR-LTM,低圧電路用地絡方向継電器 中感度形,DGR,current,,https://www.toenec.co.jp/guide/const_equipment/keidenki/index.html
不二電機工業,FVS-SSA-100/220,ボルテージリレー,"OVR,UVR",current,,https://edi.fujidk.co.jp/product.php?id=98
不二電機工業,FVS-SSB-100/220,ボルテージリレー,"OVR,UVR",current,,https://edi.fujidk.co.jp/product.php?id=98
不二電機工業,FVS-SSC-100/220,ボルテージリレー,"OVR,UVR",current,,https://edi.fujidk.co.jp/product.php?id=98
不二電機工業,FVS-SU-100/220-A,ボルテージリレー,UVR,current,,https://edi.fujidk.co.jp/product.php?id=98
不二電機工業,FVS-SO-100/220-A,ボルテージリレー,OVR,current,,https://edi.fujidk.co.jp/product.php?id=98
不二電機工業,FVS-SUB-100/220-A,ボルテージリレー,UVR,current,,https://edi.fujidk.co.jp/product.php?id=98
不二電機工業,FVS-SOB-100/220-A,ボルテージリレー,OVR,current,,https://edi.fujidk.co.jp/product.php?id=98
不二電機工業,FVS-HDF-100/220-A,ボルテージリレー,"OVR,UVR",current,,https://edi.fujidk.co.jp/product.php?id=98
不二電機工業,FVS-HUF-100/220-A,ボルテージリレー,UVR,current,,https://edi.fujidk.co.jp/product.php?id=98
不二電機工業,FVS-HWF-100/220-A,ボルテージリレー,UVR,current,,https://edi.fujidk.co.jp/product.php?id=98
不二電機工業,FVS-HWE-100/220-A,ボルテージリレー,UVR,current,,https://edi.fujidk.co.jp/product.php?id=98
不二電機工業,FVS-D-100/220-A,ボルテージリレー,"OVR,UVR",current,,https://edi.fujidk.co.jp/product.php?id=98
不二電機工業,FVS-U-100/220-A,ボルテージリレー,UVR,current,,https://edi.fujidk.co.jp/product.php?id=98
不二電機工業,PTS,三相4線用ボルテージリレー PTS形,UVR,series,,https://www.fujidk.co.jp/support/catalog/
ミドリ安全,IGR-500-A1,直接接地回路用低圧絶縁監視装置,INS,current,,https://forms.midori-anzen.co.jp/contact/em-dl
ミドリ安全,IGR-500-B1,直接接地回路用低圧絶縁監視装置,INS,current,,https://forms.midori-anzen.co.jp/contact/em-dl
ミドリ安全,IGR-500-A4,集合形低圧絶縁監視装置,GROUP-INS,current,,https://forms.midori-anzen.co.jp/contact/em-dl
ミドリ安全,IGR-500-A8,集合形低圧絶縁監視装置,GROUP-INS,current,,https://forms.midori-anzen.co.jp/contact/em-dl
ミドリ安全,IGR-500-B4,集合形低圧絶縁監視装置,GROUP-INS,current,,https://forms.midori-anzen.co.jp/contact/em-dl
ミドリ安全,IGR-500-B8,集合形低圧絶縁監視装置,GROUP-INS,current,,https://forms.midori-anzen.co.jp/contact/em-dl
ミドリ安全,IGR-400-A1,低圧絶縁監視装置,INS,listed,,https://forms.midori-anzen.co.jp/contact/em-dl
ミドリ安全,IGR-400-A4,集合形低圧絶縁監視装置,GROUP-INS,listed,,https://forms.midori-anzen.co.jp/contact/em-dl
ミドリ安全,IGR-400-A8,集合形低圧絶縁監視装置,GROUP-INS,listed,,https://forms.midori-anzen.co.jp/contact/em-dl
ミドリ安全,IGR-400-B4,集合形低圧絶縁監視装置,GROUP-INS,listed,,https://forms.midori-anzen.co.jp/contact/em-dl
ミドリ安全,IGR-400-B8,集合形低圧絶縁監視装置,GROUP-INS,listed,,https://forms.midori-anzen.co.jp/contact/em-dl
ミドリ安全,IGR-10,低圧絶縁監視装置,INS,listed,,https://forms.midori-anzen.co.jp/contact/em-dl
ミドリ安全,HIGR-400,非接地回路用低圧絶縁監視装置,INS,listed,,https://forms.midori-anzen.co.jp/contact/em-dl
ミドリ安全,HIGR-300A-s,非接地回路用低圧絶縁監視装置,INS,listed,,https://forms.midori-anzen.co.jp/contact/em-dl
ミドリ安全,EL-800IGR/M,絶縁監視探査器,INS-SURVEY,listed,,https://forms.midori-anzen.co.jp/contact/em-dl
ミドリ安全,IGR-508P,絶縁監視探査器,INS-SURVEY,listed,,https://forms.midori-anzen.co.jp/contact/em-dl
ミドリ安全,PT-HIGR-400,絶縁監視探査器,INS-SURVEY,listed,,https://forms.midori-anzen.co.jp/contact/em-dl
ミドリ安全,TB-55,絶縁監視試験抵抗器,INS-TEST,listed,,https://forms.midori-anzen.co.jp/contact/em-dl
日立アイイーシステム,IMS,高圧受変電設備用 絶縁監視装置,GROUP-INS,current,,https://www.hitachi-ie.jp/products/infra/ims/index.html
日立アイイーシステム,IMS-Lite,高圧受変電設備用 絶縁監視装置（回線数限定）,GROUP-INS,current,,https://www.hitachi-ie.jp/products/infra/ims/index.html
