"メーカー","型式","画像掲載状況","画像の説明","画像URL","出典URL"
"三菱電機","TH-T18","未掲載（対応画像未確認）","","",""
"三菱電機","TH-T18KP","未掲載（対応画像未確認）","","",""
"富士電機","TR18XK","掲載","TR18XK メーカー掲載画像","https://www.fujielectric.co.jp/products/magnetic_contactor/thermal_relay/tr18xk/tr18xk.jpg","https://www.fujielectric.co.jp/products/magnetic_contactor/thermal_relay/tr18xk/"
"三菱電機","ET-N60 8A","未掲載（対応画像未確認）","","",""
"オムロン","K2CM-1LS","掲載","K2CM シリーズ参考画像","https://www.fa.omron.co.jp/Images/pf_841-14-326832-orig.jpg","https://www.fa.omron.co.jp/products/family/841/"
"三菱電機","CPP1-A01D2","未掲載（対応画像未確認）","","",""
"三菱電機","CPP1-A11D2","未掲載（対応画像未確認）","","",""
"三菱電機","CPP1-A02D2","未掲載（対応画像未確認）","","",""
"三菱電機","CPP1-A12D2","未掲載（対応画像未確認）","","",""
"オムロン","K2CA-DO-D2","掲載","K2CA-D シリーズ参考画像","https://www.fa.omron.co.jp/Images/pf_819-14-326695-orig.jpg","https://www.fa.omron.co.jp/products/family/819/"
"オムロン","K2CA-DO-F4","掲載","K2CA-D シリーズ参考画像","https://www.fa.omron.co.jp/Images/pf_819-14-326695-orig.jpg","https://www.fa.omron.co.jp/products/family/819/"
"オムロン","K2CA-DO-R2","掲載","K2CA-D シリーズ参考画像","https://www.fa.omron.co.jp/Images/pf_819-14-326695-orig.jpg","https://www.fa.omron.co.jp/products/family/819/"
"オムロン","K2CA-DO3-D2","掲載","K2CA-D シリーズ参考画像","https://www.fa.omron.co.jp/Images/pf_819-14-326695-orig.jpg","https://www.fa.omron.co.jp/products/family/819/"
"オムロン","K2CA-DO3-F4","掲載","K2CA-D シリーズ参考画像","https://www.fa.omron.co.jp/Images/pf_819-14-326695-orig.jpg","https://www.fa.omron.co.jp/products/family/819/"
"オムロン","K2CA-DO3-R2","掲載","K2CA-D シリーズ参考画像","https://www.fa.omron.co.jp/Images/pf_819-14-326695-orig.jpg","https://www.fa.omron.co.jp/products/family/819/"
"オムロン","K2DG-AV1","掲載","K2DG シリーズ参考画像","https://www.fa.omron.co.jp/Images/pf_3661-14-325784-orig.jpg","https://www.fa.omron.co.jp/products/family/3661/"
"オムロン","K2FW-S1-D2","掲載","K2FW シリーズ参考画像","https://www.fa.omron.co.jp/Images/pf_839-14-326681-orig.jpg","https://www.fa.omron.co.jp/products/family/839/"
"オムロン","K2FW-S1-F4","掲載","K2FW シリーズ参考画像","https://www.fa.omron.co.jp/Images/pf_839-14-326681-orig.jpg","https://www.fa.omron.co.jp/products/family/839/"
"オムロン","K2FW-S1-R2","掲載","K2FW シリーズ参考画像","https://www.fa.omron.co.jp/Images/pf_839-14-326681-orig.jpg","https://www.fa.omron.co.jp/products/family/839/"
"オムロン","K2FW-S1□-D2","掲載","K2FW シリーズ参考画像","https://www.fa.omron.co.jp/Images/pf_839-14-326681-orig.jpg","https://www.fa.omron.co.jp/products/family/839/"
"オムロン","K2FW-S1□-F4","掲載","K2FW シリーズ参考画像","https://www.fa.omron.co.jp/Images/pf_839-14-326681-orig.jpg","https://www.fa.omron.co.jp/products/family/839/"
"オムロン","K2FW-S1□-R2","掲載","K2FW シリーズ参考画像","https://www.fa.omron.co.jp/Images/pf_839-14-326681-orig.jpg","https://www.fa.omron.co.jp/products/family/839/"
"オムロン","K2FW-S2-D2","掲載","K2FW シリーズ参考画像","https://www.fa.omron.co.jp/Images/pf_839-14-326681-orig.jpg","https://www.fa.omron.co.jp/products/family/839/"
"オムロン","K2FW-S2-F4","掲載","K2FW シリーズ参考画像","https://www.fa.omron.co.jp/Images/pf_839-14-326681-orig.jpg","https://www.fa.omron.co.jp/products/family/839/"
"オムロン","K2FW-S2-R2","掲載","K2FW シリーズ参考画像","https://www.fa.omron.co.jp/Images/pf_839-14-326681-orig.jpg","https://www.fa.omron.co.jp/products/family/839/"
"オムロン","K2FW-S2□-D2","掲載","K2FW シリーズ参考画像","https://www.fa.omron.co.jp/Images/pf_839-14-326681-orig.jpg","https://www.fa.omron.co.jp/products/family/839/"
"オムロン","K2FW-S2□-F4","掲載","K2FW シリーズ参考画像","https://www.fa.omron.co.jp/Images/pf_839-14-326681-orig.jpg","https://www.fa.omron.co.jp/products/family/839/"
"オムロン","K2FW-S2□-R2","掲載","K2FW シリーズ参考画像","https://www.fa.omron.co.jp/Images/pf_839-14-326681-orig.jpg","https://www.fa.omron.co.jp/products/family/839/"
"オムロン","K2GR-AC1","掲載","K2GR シリーズ参考画像","https://www.fa.omron.co.jp/Images/pf_3662-14-325783-orig.jpg","https://www.fa.omron.co.jp/products/family/3662/"
"オムロン","K2GR-AV1","掲載","K2GR シリーズ参考画像","https://www.fa.omron.co.jp/Images/pf_3662-14-325783-orig.jpg","https://www.fa.omron.co.jp/products/family/3662/"
"オムロン","K2OC-ACN","掲載","K2OC シリーズ参考画像","https://www.fa.omron.co.jp/Images/pf_3660-14-325785-orig.jpg","https://www.fa.omron.co.jp/products/family/3660/"
"オムロン","K2OC-AVN","掲載","K2OC シリーズ参考画像","https://www.fa.omron.co.jp/Images/pf_3660-14-325785-orig.jpg","https://www.fa.omron.co.jp/products/family/3660/"
"オムロン","K2OV-AVN","掲載","K2OV / K2UV シリーズ参考画像","https://www.fa.omron.co.jp/Images/pf_3663-14-325782-orig.jpg","https://www.fa.omron.co.jp/products/family/3663/"
"オムロン","K2UV-AV2","掲載","K2OV / K2UV シリーズ参考画像","https://www.fa.omron.co.jp/Images/pf_3663-14-325782-orig.jpg","https://www.fa.omron.co.jp/products/family/3663/"
"オムロン","K2UV-AV3","掲載","K2OV / K2UV シリーズ参考画像","https://www.fa.omron.co.jp/Images/pf_3663-14-325782-orig.jpg","https://www.fa.omron.co.jp/products/family/3663/"
"オムロン","K2UV-AVN","掲載","K2OV / K2UV シリーズ参考画像","https://www.fa.omron.co.jp/Images/pf_3663-14-325782-orig.jpg","https://www.fa.omron.co.jp/products/family/3663/"
"オムロン","K2WR-A1-R2","掲載","K2WR シリーズ参考画像","https://www.fa.omron.co.jp/Images/pf_838-14-326682-orig.jpg","https://www.fa.omron.co.jp/products/family/838/"
"オムロン","K2WR-R-F1","掲載","K2WR シリーズ参考画像（仕様により外観が異なります）","https://www.fa.omron.co.jp/Images/pf_838-14-326682-orig.jpg","https://www.fa.omron.co.jp/products/family/838/lineup/"
"オムロン","K2WR-R-R2","掲載","K2WR シリーズ参考画像（仕様により外観が異なります）","https://www.fa.omron.co.jp/Images/pf_838-14-326682-orig.jpg","https://www.fa.omron.co.jp/products/family/838/lineup/"
"オムロン","K2WR-R-S5","掲載","K2WR シリーズ参考画像（仕様により外観が異なります）","https://www.fa.omron.co.jp/Images/pf_838-14-326682-orig.jpg","https://www.fa.omron.co.jp/products/family/838/lineup/"
"オムロン","K2ZC-K2RV-CPC","掲載","K2ZC-K2RV-□PC シリーズ参考画像","https://www.fa.omron.co.jp/Images/pf_3832-14-325617-orig.jpg","https://www.fa.omron.co.jp/products/family/3832/"
"オムロン","K2ZC-K2RV-NPC","掲載","K2ZC-K2RV-□PC シリーズ参考画像","https://www.fa.omron.co.jp/Images/pf_3832-14-325617-orig.jpg","https://www.fa.omron.co.jp/products/family/3832/"
"オムロン","K2ZC-K2CA-N","未掲載（対応画像未確認）","","",""
"オムロン","K2ZC-K2DS-N","未掲載（対応画像未確認）","","",""
"オムロン","K2ZC-K2DS-N1","未掲載（対応画像未確認）","","",""
"オムロン","K2ZC-K2FA-N","未掲載（対応画像未確認）","","",""
"オムロン","K2ZC-K2FU-N","未掲載（対応画像未確認）","","",""
"オムロン","K2ZC-K2FX-N","未掲載（対応画像未確認）","","",""
"オムロン","K2ZC-K2GA-N","未掲載（対応画像未確認）","","",""
"オムロン","K2ZC-K2GF-N","未掲載（対応画像未確認）","","",""
"オムロン","K2ZC-K2GS-N","未掲載（対応画像未確認）","","",""
"オムロン","K2ZC-K2GV-NT","未掲載（対応画像未確認）","","",""
"オムロン","K2ZC-K2GV-NUC","未掲載（対応画像未確認）","","",""
"オムロン","K2ZC-K2GW-N","未掲載（対応画像未確認）","","",""
"オムロン","K2ZC-K2VA-N","未掲載（対応画像未確認）","","",""
"オムロン","K2ZC-K2VU-N","未掲載（対応画像未確認）","","",""
"オムロン","K2ZC-K2VU-NS","未掲載（対応画像未確認）","","",""
"オムロン","K2ZC-K2VW-N","未掲載（対応画像未確認）","","",""
"オムロン","K2ZC-K2WR-NR","未掲載（対応画像未確認）","","",""
"オムロン","K2ZC-K2WR-NS","未掲載（対応画像未確認）","","",""
"オムロン","K2ZC-K2WR-NT","未掲載（対応画像未確認）","","",""
"オムロン","K2ZC-K2WU-NA","未掲載（対応画像未確認）","","",""
"オムロン","K2ZC-K2WU-NS","未掲載（対応画像未確認）","","",""
"オムロン","K2ZC-K2WU-NT","未掲載（対応画像未確認）","","",""
"オムロン","KP-PRRV-CPC","掲載","KP-PRRV-CPC メーカー掲載画像","https://socialsolution.omron.com/jp/ja/first-layer/img/common/mainimage/mainhead_kp-prrv-cpc.jpg","https://socialsolution.omron.com/jp/ja/products_service/energy/product/close/kp-prrv.html"
"オムロン","KP-PRRV-CPC-B","掲載","KP-PRRV-CPC-B メーカー掲載画像","https://socialsolution.omron.com/jp/ja/ei_common/img/product/product-thumb/img_product-thumb_kp-prrv.png","https://socialsolution.omron.com/jp/ja/products_service/energy/download/"
"オムロン","KP-PRRV-RPC","掲載","KP-PRRV-RPC メーカー掲載画像","https://socialsolution.omron.com/jp/ja/ei_common/img/product/product-thumb/img_product-thumb_kp-prrv-rpc.png","https://socialsolution.omron.com/jp/ja/products_service/energy/download/"
"三菱電機","MDG-A1V-R","未掲載（対応画像未確認）","","",""
"三菱電機","MDG-A1V-RD","未掲載（対応画像未確認）","","",""
"三菱電機","MDG-A2V-R","未掲載（対応画像未確認）","","",""
"三菱電機","MDG-A2V-RD","未掲載（対応画像未確認）","","",""
"三菱電機","MGR-A1T-R","未掲載（対応画像未確認）","","",""
"三菱電機","MGR-A1V-F","未掲載（対応画像未確認）","","",""
"三菱電機","MGR-A1V-R","未掲載（対応画像未確認）","","",""
"三菱電機","MGR-A1V-RD","未掲載（対応画像未確認）","","",""
"三菱電機","MGR-A1VB-F","未掲載（対応画像未確認）","","",""
"三菱電機","MOC-A1T-R","未掲載（対応画像未確認）","","",""
"三菱電機","MOC-A1T-RD","未掲載（対応画像未確認）","","",""
"三菱電機","MOC-A1V-R","未掲載（対応画像未確認）","","",""
"三菱電機","MOC-A1V-RD","未掲載（対応画像未確認）","","",""
"三菱電機","MOV-A1V-R","未掲載（対応画像未確認）","","",""
"三菱電機","MOV-A1V-RD","未掲載（対応画像未確認）","","",""
"三菱電機","MUV-A1V-R","未掲載（対応画像未確認）","","",""
"三菱電機","MUV-A1V-RD","未掲載（対応画像未確認）","","",""
"三菱電機","MVG-A1V-R","未掲載（対応画像未確認）","","",""
"三菱電機","MVG-A1V-RD","未掲載（対応画像未確認）","","",""
"三菱電機","MVG-A2V-R","未掲載（対応画像未確認）","","",""
"三菱電機","MVG-A2V-RD","未掲載（対応画像未確認）","","",""
"三菱電機","MDG-A3","掲載","MDG-A3 シリーズ参考画像","https://www.mitsubishielectric.co.jp/fa/products/mvd/pror/items/a3_series/img/a3_series_02.png","https://www.mitsubishielectric.co.jp/fa/products/mvd/pror/items/a3_series/index.html"
"三菱電機","MDG-A4","未掲載（対応画像未確認）","","",""
"三菱電機","MGR-A3","掲載","MGR-A3 シリーズ参考画像","https://www.mitsubishielectric.co.jp/fa/products/mvd/pror/items/a3_series/img/a3_series_03.png","https://www.mitsubishielectric.co.jp/fa/products/mvd/pror/items/a3_series/index.html"
"三菱電機","MOC-A3","掲載","MOC-A3 シリーズ参考画像","https://www.mitsubishielectric.co.jp/fa/products/mvd/pror/items/a3_series/img/a3_series_01.png","https://www.mitsubishielectric.co.jp/fa/products/mvd/pror/items/a3_series/index.html"
"三菱電機","MOV-A3","掲載","MOV-A3 シリーズ参考画像","https://www.mitsubishielectric.co.jp/fa/products/mvd/pror/items/a3_series/img/a3_series_05.png","https://www.mitsubishielectric.co.jp/fa/products/mvd/pror/items/a3_series/index.html"
"三菱電機","MUV-A3","掲載","MUV-A3 シリーズ参考画像","https://www.mitsubishielectric.co.jp/fa/products/mvd/pror/items/a3_series/img/a3_series_04.png","https://www.mitsubishielectric.co.jp/fa/products/mvd/pror/items/a3_series/index.html"
"三菱電機","MVG-A3","掲載","MVG-A3 シリーズ参考画像","https://www.mitsubishielectric.co.jp/fa/products/mvd/pror/items/a3_series/img/a3_series_06.png","https://www.mitsubishielectric.co.jp/fa/products/mvd/pror/items/a3_series/index.html"
"三菱電機","MVG-A4","未掲載（対応画像未確認）","","",""
"三菱電機","CAC1-A42D1","未掲載（対応画像未確認）","","",""
"三菱電機","CBV2-A41D1","未掲載（対応画像未確認）","","",""
"三菱電機","CBV3-A41D1","未掲載（対応画像未確認）","","",""
"三菱電機","CFP1-A42D1","未掲載（対応画像未確認）","","",""
"三菱電機","CFP1-A43D1","未掲載（対応画像未確認）","","",""
"三菱電機","CFP1-A44D1","未掲載（対応画像未確認）","","",""
"三菱電機","CGP1-A41D1","未掲載（対応画像未確認）","","",""
"三菱電機","CGP1-A42D1","未掲載（対応画像未確認）","","",""
"三菱電機","CGP2-A41D1","未掲載（対応画像未確認）","","",""
"三菱電機","CGP2-A42D1","未掲載（対応画像未確認）","","",""
"三菱電機","CMP1-A42D1","未掲載（対応画像未確認）","","",""
"三菱電機","CMP1-A43D1","未掲載（対応画像未確認）","","",""
"三菱電機","COC1-A41D1","未掲載（対応画像未確認）","","",""
"三菱電機","COC3-A41D1","未掲載（対応画像未確認）","","",""
"三菱電機","COC4-A41D1","未掲載（対応画像未確認）","","",""
"三菱電機","CPP1-A41D1","未掲載（対応画像未確認）","","",""
"三菱電機","CPP1-A42D1","未掲載（対応画像未確認）","","",""
"三菱電機","CPP1-A43D1","未掲載（対応画像未確認）","","",""
"三菱電機","CPP1-A44D1","未掲載（対応画像未確認）","","",""
"三菱電機","CRV1-A01S1","未掲載（対応画像未確認）","","",""
"三菱電機","CVG1-A01S1","未掲載（対応画像未確認）","","",""
"三菱電機","CVG1-A02S1","未掲載（対応画像未確認）","","",""
"三菱電機","MP11A","未掲載（対応画像未確認）","","",""
"三菱電機","LOE-2","未掲載（対応画像未確認）","","",""
"三菱電機","LOE-3","未掲載（対応画像未確認）","","",""
"三菱電機","LOE-4","未掲載（対応画像未確認）","","",""
"三菱電機","MDG-E1","未掲載（対応画像未確認）","","",""
"三菱電機","MDG-E2","未掲載（対応画像未確認）","","",""
"三菱電機","MGR-1","未掲載（対応画像未確認）","","",""
"三菱電機","MGR-E1","未掲載（対応画像未確認）","","",""
"三菱電機","MOC-1","未掲載（対応画像未確認）","","",""
"三菱電機","MOC-2","未掲載（対応画像未確認）","","",""
"三菱電機","MOC-E1","未掲載（対応画像未確認）","","",""
"三菱電機","MOV-E1","未掲載（対応画像未確認）","","",""
"三菱電機","MUV-E1","未掲載（対応画像未確認）","","",""
"三菱電機","MVG-E1","未掲載（対応画像未確認）","","",""
"三菱電機","MVG-E2","未掲載（対応画像未確認）","","",""
"三菱電機","MVR-1","未掲載（対応画像未確認）","","",""
"三菱電機","MVR-2","未掲載（対応画像未確認）","","",""
"富士電機","QH-DG3","未掲載（対応画像未確認）","","",""
"富士電機","QH-DG4","未掲載（対応画像未確認）","","",""
"富士電機","QH-GR3A","未掲載（対応画像未確認）","","",""
"富士電機","QH-OC1","未掲載（対応画像未確認）","","",""
"富士電機","QH-OC2","未掲載（対応画像未確認）","","",""
"富士電機","QH-OV1","未掲載（対応画像未確認）","","",""
"富士電機","QH-UV1","未掲載（対応画像未確認）","","",""
"富士電機","QHA-DG3","掲載","QHAシリーズ参考画像。各型式の外観・表示は公式資料で照合。","https://www.fujielectric.co.jp/products/protective_relay/qha/img/protective_relay_qha_1.png","https://www.fujielectric.co.jp/products/protective_relay/qha/"
"富士電機","QHA-DG4","掲載","QHAシリーズ参考画像。各型式の外観・表示は公式資料で照合。","https://www.fujielectric.co.jp/products/protective_relay/qha/img/protective_relay_qha_1.png","https://www.fujielectric.co.jp/products/protective_relay/qha/"
"富士電機","QHA-DG5","掲載","QHAシリーズ参考画像。各型式の外観・表示は公式資料で照合。","https://www.fujielectric.co.jp/products/protective_relay/qha/img/protective_relay_qha_1.png","https://www.fujielectric.co.jp/products/protective_relay/qha/"
"富士電機","QHA-DG6","掲載","QHAシリーズ参考画像。各型式の外観・表示は公式資料で照合。","https://www.fujielectric.co.jp/products/protective_relay/qha/img/protective_relay_qha_1.png","https://www.fujielectric.co.jp/products/protective_relay/qha/"
"富士電機","QHA-GR3","掲載","QHAシリーズ参考画像。各型式の外観・表示は公式資料で照合。","https://www.fujielectric.co.jp/products/protective_relay/qha/img/protective_relay_qha_1.png","https://www.fujielectric.co.jp/products/protective_relay/qha/"
"富士電機","QHA-GR5","掲載","QHAシリーズ参考画像。各型式の外観・表示は公式資料で照合。","https://www.fujielectric.co.jp/products/protective_relay/qha/img/protective_relay_qha_1.png","https://www.fujielectric.co.jp/products/protective_relay/qha/"
"富士電機","QHA-OC1","掲載","QHAシリーズ参考画像。各型式の外観・表示は公式資料で照合。","https://www.fujielectric.co.jp/products/protective_relay/qha/img/protective_relay_qha_1.png","https://www.fujielectric.co.jp/products/protective_relay/qha/"
"富士電機","QHA-OC2","掲載","QHAシリーズ参考画像。各型式の外観・表示は公式資料で照合。","https://www.fujielectric.co.jp/products/protective_relay/qha/img/protective_relay_qha_1.png","https://www.fujielectric.co.jp/products/protective_relay/qha/"
"富士電機","QHA-OV1","掲載","QHAシリーズ参考画像。各型式の外観・表示は公式資料で照合。","https://www.fujielectric.co.jp/products/protective_relay/qha/img/protective_relay_qha_1.png","https://www.fujielectric.co.jp/products/protective_relay/qha/"
"富士電機","QHA-UV1","掲載","QHAシリーズ参考画像。各型式の外観・表示は公式資料で照合。","https://www.fujielectric.co.jp/products/protective_relay/qha/img/protective_relay_qha_1.png","https://www.fujielectric.co.jp/products/protective_relay/qha/"
"富士電機","QHA-VG1","掲載","QHAシリーズ参考画像。各型式の外観・表示は公式資料で照合。","https://www.fujielectric.co.jp/products/protective_relay/qha/img/protective_relay_qha_1.png","https://www.fujielectric.co.jp/products/protective_relay/qha/"
"富士電機","QHA-VR1","掲載","QHAシリーズ参考画像。各型式の外観・表示は公式資料で照合。","https://www.fujielectric.co.jp/products/protective_relay/qha/img/protective_relay_qha_1.png","https://www.fujielectric.co.jp/products/protective_relay/qha/"
"光商工","LDG-11","未掲載（対応画像未確認）","","",""
"光商工","LDG-11D","未掲載（対応画像未確認）","","",""
"光商工","LDG-11DN","未掲載（対応画像未確認）","","",""
"光商工","LDG-13","未掲載（対応画像未確認）","","",""
"光商工","LDG-13D","掲載","LDG-13D メーカー掲載画像","https://www.hikari-gr.co.jp/dcms_media/image/LDG-13D.jpg","https://www.hikari-gr.co.jp/products/search/product01/list01/item_502"
"光商工","LDG-13DN","未掲載（対応画像未確認）","","",""
"光商工","LDG-21","未掲載（対応画像未確認）","","",""
"光商工","LDG-21B","掲載","LDG-21B メーカー掲載画像","https://www.hikari-gr.co.jp/dcms_media/image/LDG-21B.jpg","https://www.hikari-gr.co.jp/products/search/product01/list01/item_504"
"光商工","LDG-21BN","未掲載（対応画像未確認）","","",""
"光商工","LDG-21K","未掲載（対応画像未確認）","","",""
"光商工","LDG-21N","未掲載（対応画像未確認）","","",""
"光商工","LDG-23-DC1","未掲載（対応画像未確認）","","",""
"光商工","LDG-23A","未掲載（対応画像未確認）","","",""
"光商工","LDG-23AN","未掲載（対応画像未確認）","","",""
"光商工","LDG-23K","未掲載（対応画像未確認）","","",""
"光商工","LDG-23N","未掲載（対応画像未確認）","","",""
"光商工","LDG-23N-DC1","未掲載（対応画像未確認）","","",""
"光商工","LDG-73K","未掲載（対応画像未確認）","","",""
"光商工","LDG-73V","未掲載（対応画像未確認）","","",""
"光商工","LDG-83-DC","未掲載（対応画像未確認）","","",""
"光商工","LDG-83V","未掲載（対応画像未確認）","","",""
"光商工","LDG-83V-DC","未掲載（対応画像未確認）","","",""
"光商工","LDG-84","未掲載（対応画像未確認）","","",""
"光商工","LDG-85","未掲載（対応画像未確認）","","",""
"光商工","LEG-101","掲載","LEG-101 メーカー掲載画像","https://www.hikari-gr.co.jp/dcms_media/image/LEG-101.jpg","https://www.hikari-gr.co.jp/products/search/product01/list03"
"光商工","LEG-101A～C","未掲載（対応画像未確認）","","",""
"光商工","LEG-102","未掲載（対応画像未確認）","","",""
"光商工","LEG-142","未掲載（対応画像未確認）","","",""
"光商工","LEG-172","未掲載（対応画像未確認）","","",""
"光商工","LEG-172-DC","未掲載（対応画像未確認）","","",""
"光商工","LEG-172N","未掲載（対応画像未確認）","","",""
"光商工","LEG-172N-DC","未掲載（対応画像未確認）","","",""
"光商工","LEG-191","掲載","LEG-191 メーカー掲載画像","https://www.hikari-gr.co.jp/dcms_media/image/LEG-191.jpg","https://www.hikari-gr.co.jp/products/search/product01/list03/item_23"
"光商工","LEG-192","掲載","LEG-192 メーカー掲載画像","https://www.hikari-gr.co.jp/dcms_media/image/LEG-192.jpg","https://www.hikari-gr.co.jp/products/search/product01/list03/item_24"
"光商工","LEG-192-DC","未掲載（対応画像未確認）","","",""
"光商工","LEG-22","未掲載（対応画像未確認）","","",""
"光商工","LEG-32","未掲載（対応画像未確認）","","",""
"光商工","LEG-42","未掲載（対応画像未確認）","","",""
"光商工","LOC-13","未掲載（対応画像未確認）","","",""
"光商工","LOC-14","掲載","LOC-14 メーカー掲載画像","https://www.hikari-gr.co.jp/dcms_media/image/LOC-14.jpg","https://www.hikari-gr.co.jp/products/search/product01/list04"
"光商工","LOC-24","未掲載（対応画像未確認）","","",""
"光商工","LOV-1A","掲載","LOV-1A メーカー掲載画像","https://www.hikari-gr.co.jp/dcms_media/image/LOV-1A.jpg","https://www.hikari-gr.co.jp/products/search/product01/list05"
"光商工","LUV-1A","未掲載（対応画像未確認）","","",""
"光商工","LVG-3","未掲載（対応画像未確認）","","",""
"光商工","LVG-3C","掲載","LVG-3C メーカー掲載画像","https://www.hikari-gr.co.jp/dcms_media/image/LVG-3C.jpg","https://www.hikari-gr.co.jp/products/search/product01/list02"
"光商工","LVG-3C-DC1","未掲載（対応画像未確認）","","",""
"光商工","LVG-3CP","未掲載（対応画像未確認）","","",""
"光商工","LVG-3CP-DC1","未掲載（対応画像未確認）","","",""
"光商工","LVG-7","掲載","LVG-7 メーカー掲載画像","https://www.hikari-gr.co.jp/dcms_media/image/LVG-7.jpg","https://www.hikari-gr.co.jp/products/search/product01/list02"
"光商工","LVG-7E","未掲載（対応画像未確認）","","",""
"光商工","LVG-7V","未掲載（対応画像未確認）","","",""
"光商工","LVG-8","掲載","LVG-8 メーカー掲載画像","https://www.hikari-gr.co.jp/dcms_media/image/LVG-8.jpg","https://www.hikari-gr.co.jp/products/search/product01/list02"
"光商工","LVG-8P","未掲載（対応画像未確認）","","",""
"光商工","LVG-8P-DC","未掲載（対応画像未確認）","","",""
"光商工","LVG-8V","未掲載（対応画像未確認）","","",""
"光商工","LVG-9E","掲載","LVG-9E メーカー掲載画像","https://www.hikari-gr.co.jp/dcms_media/image/LVG-9E.png","https://www.hikari-gr.co.jp/products/search/product01/list02"
"光商工","LDG-23","掲載","LDG-23 メーカー掲載画像（メーカー共通画像）","https://www.hikari-gr.co.jp/dcms_media/image/LDG-23_21.jpg","https://www.hikari-gr.co.jp/products/search/product01/list01/item_500"
"光商工","LDG-71","掲載","LDG-71 メーカー掲載画像","https://www.hikari-gr.co.jp/dcms_media/image/LDG-71.jpg","https://www.hikari-gr.co.jp/products/search/product01/list01"
"光商工","LDG-73","掲載","LDG-73 メーカー掲載画像","https://www.hikari-gr.co.jp/dcms_media/image/LDG-73.jpg","https://www.hikari-gr.co.jp/products/search/product01/list01/item_3"
"光商工","LDG-81","掲載","LDG-81 メーカー掲載画像","https://www.hikari-gr.co.jp/dcms_media/image/LDG-81.jpg","https://www.hikari-gr.co.jp/products/search/product01/list01/item_2"
"光商工","LDG-81P","未掲載（対応画像未確認）","","",""
"光商工","LDG-83","掲載","LDG-83 メーカー掲載画像","https://www.hikari-gr.co.jp/dcms_media/image/LDG-83.jpg","https://www.hikari-gr.co.jp/products/search/product01/list01/item_1"
"光商工","LDG-83P","未掲載（対応画像未確認）","","",""
"光商工","LOC-23","掲載","LOC-23 メーカー掲載画像（メーカー共通画像）","https://www.hikari-gr.co.jp/dcms_media/image/LOC-23_24.jpg","https://www.hikari-gr.co.jp/products/search/product01/list04"
"光商工","LOV-2A","掲載","LOV-2A メーカー掲載画像","https://www.hikari-gr.co.jp/dcms_media/image/LOV-2A.jpg","https://www.hikari-gr.co.jp/products/search/product01/list05/item_30"
"光商工","LUV-2A","掲載","LUV-2A メーカー掲載画像","https://www.hikari-gr.co.jp/dcms_media/image/LUV-2A.jpg","https://www.hikari-gr.co.jp/products/search/product01/list06/item_31"
"日新電機","D1U-2F25□","未掲載（対応画像未確認）","","",""
"日新電機","D1UGR-11","未掲載（対応画像未確認）","","",""
"日新電機","D1UGR-12","未掲載（対応画像未確認）","","",""
"日新電機","D1UGR-15","未掲載（対応画像未確認）","","",""
"日新電機","D1UGR-16","未掲載（対応画像未確認）","","",""
"日新電機","D1UGR-22","未掲載（対応画像未確認）","","",""
"日新電機","D1UGR-22S1","未掲載（対応画像未確認）","","",""
"日新電機","D1UGR-23","未掲載（対応画像未確認）","","",""
"日新電機","D1UGR-25","未掲載（対応画像未確認）","","",""
"日新電機","D1UGR-31","未掲載（対応画像未確認）","","",""
"日新電機","D1UGR-41","未掲載（対応画像未確認）","","",""
"日新電機","D1UOR1-15□","未掲載（対応画像未確認）","","",""
"日新電機","D1UOR2-15□","未掲載（対応画像未確認）","","",""
"日新電機","D1UOR3-15□","未掲載（対応画像未確認）","","",""
"日新電機","D1UUR-11□","未掲載（対応画像未確認）","","",""
"日新電機","D1UUR-21□","未掲載（対応画像未確認）","","",""
"日新電機","D1UUR-31","未掲載（対応画像未確認）","","",""
"日新電機","D1UUR-41□","未掲載（対応画像未確認）","","",""
"日新電機","D1UVR-11□","未掲載（対応画像未確認）","","",""
"日新電機","DRC-K10シリーズ","未掲載（対応画像未確認）","","",""
"日新電機","DRC-K20シリーズ","未掲載（対応画像未確認）","","",""
"日新電機","DRC-K30シリーズ","未掲載（対応画像未確認）","","",""
"日新電機","DRC-K70シリーズ","未掲載（対応画像未確認）","","",""
"日新電機","DRN-A20シリーズ","未掲載（対応画像未確認）","","",""
"日新電機","DRN-A30シリーズ","未掲載（対応画像未確認）","","",""
"日新電機","DU-1F10□","未掲載（対応画像未確認）","","",""
"日新電機","DU-1F20","未掲載（対応画像未確認）","","",""
"日新電機","DU-1F30A","未掲載（対応画像未確認）","","",""
"日新電機","DU-1F40","未掲載（対応画像未確認）","","",""
"日新電機","DU-1F50□","未掲載（対応画像未確認）","","",""
"日新電機","DU-1F60","未掲載（対応画像未確認）","","",""
"日新電機","UGR-23-D1","未掲載（対応画像未確認）","","",""
"日新電機","UGR-24-D1","未掲載（対応画像未確認）","","",""
"日新電機","UGR-25-D1","未掲載（対応画像未確認）","","",""
"日新電機","UGR-30-D1","未掲載（対応画像未確認）","","",""
"日新電機","UGR-40-D1","未掲載（対応画像未確認）","","",""
"日新電機","UAH-H-D1","未掲載（対応画像未確認）","","",""
"日新電機","UAH-H22-D1","未掲載（対応画像未確認）","","",""
"日新電機","UOR-10-D1","未掲載（対応画像未確認）","","",""
"日新電機","UOR-30-D1","未掲載（対応画像未確認）","","",""
"日新電機","UOR-42-D1","未掲載（対応画像未確認）","","",""
"日新電機","UOR-52-D1","未掲載（対応画像未確認）","","",""
"日新電機","UOR-61-D1","未掲載（対応画像未確認）","","",""
"日新電機","UOR-80-D1","未掲載（対応画像未確認）","","",""
"東芝産業機器システム","NBT11P","未掲載（対応画像未確認）","","",""
"東芝産業機器システム","NCG11P","未掲載（対応画像未確認）","","",""
"東芝産業機器システム","NCG11S","未掲載（対応画像未確認）","","",""
"東芝産業機器システム","NCG21P","未掲載（対応画像未確認）","","",""
"東芝産業機器システム","NCG31P","未掲載（対応画像未確認）","","",""
"東芝産業機器システム","NCG41P","未掲載（対応画像未確認）","","",""
"東芝産業機器システム","NCG41S","未掲載（対応画像未確認）","","",""
"東芝産業機器システム","NCO11P","未掲載（対応画像未確認）","","",""
"東芝産業機器システム","NCO11S","未掲載（対応画像未確認）","","",""
"東芝産業機器システム","NCO12P","未掲載（対応画像未確認）","","",""
"東芝産業機器システム","NCO22P","未掲載（対応画像未確認）","","",""
"東芝産業機器システム","NCO22S","未掲載（対応画像未確認）","","",""
"東芝産業機器システム","NCO32P","未掲載（対応画像未確認）","","",""
"東芝産業機器システム","NCO32S","未掲載（対応画像未確認）","","",""
"東芝産業機器システム","NCR21P","未掲載（対応画像未確認）","","",""
"東芝産業機器システム","NCR21S","未掲載（対応画像未確認）","","",""
"東芝産業機器システム","NCR22P","未掲載（対応画像未確認）","","",""
"東芝産業機器システム","NDG11P","未掲載（対応画像未確認）","","",""
"東芝産業機器システム","NDG11S","未掲載（対応画像未確認）","","",""
"東芝産業機器システム","NDG21P","未掲載（対応画像未確認）","","",""
"東芝産業機器システム","NDG31S","未掲載（対応画像未確認）","","",""
"東芝産業機器システム","NDG41S","未掲載（対応画像未確認）","","",""
"東芝産業機器システム","NRF11P","未掲載（対応画像未確認）","","",""
"東芝産業機器システム","NVG11P","未掲載（対応画像未確認）","","",""
"東芝産業機器システム","NVG11S","未掲載（対応画像未確認）","","",""
"東芝産業機器システム","NVG21P","未掲載（対応画像未確認）","","",""
"東芝産業機器システム","NVG21S","未掲載（対応画像未確認）","","",""
"東芝産業機器システム","NVG31S","未掲載（対応画像未確認）","","",""
"東芝産業機器システム","NVO11P","未掲載（対応画像未確認）","","",""
"東芝産業機器システム","NVO11S","未掲載（対応画像未確認）","","",""
"東芝産業機器システム","NVO21P","未掲載（対応画像未確認）","","",""
"東芝産業機器システム","NVO21S","未掲載（対応画像未確認）","","",""
"東芝産業機器システム","NVU11P","未掲載（対応画像未確認）","","",""
"東芝産業機器システム","NVU11S","未掲載（対応画像未確認）","","",""
"東芝産業機器システム","NVU21P","未掲載（対応画像未確認）","","",""
"東芝産業機器システム","NVU21S","未掲載（対応画像未確認）","","",""
"東芝産業機器システム","NWO11P","未掲載（対応画像未確認）","","",""
"東芝産業機器システム","Nシリーズ","掲載","Nシリーズ メーカー掲載画像","https://www.toshiba-tips.co.jp/products/assets/images/powersupply/protective-relay/trans_ry_feature2.png","https://www.toshiba-tips.co.jp/products/powersupply/protective-relay.html"
"東芝産業機器システム","VBR51D","未掲載（対応画像未確認）","","",""
"東芝産業機器システム","VBV31D","未掲載（対応画像未確認）","","",""
"東芝産業機器システム","VCG51D","未掲載（対応画像未確認）","","",""
"東芝産業機器システム","VCO51D","未掲載（対応画像未確認）","","",""
"東芝産業機器システム","VCO53D","未掲載（対応画像未確認）","","",""
"東芝産業機器システム","VCO61D","未掲載（対応画像未確認）","","",""
"東芝産業機器システム","VCO63D","未掲載（対応画像未確認）","","",""
"東芝産業機器システム","VCR61D","未掲載（対応画像未確認）","","",""
"東芝産業機器システム","VCR62D","未掲載（対応画像未確認）","","",""
"東芝産業機器システム","VDG31D","未掲載（対応画像未確認）","","",""
"東芝産業機器システム","VDG41D","未掲載（対応画像未確認）","","",""
"東芝産業機器システム","VDG71D","未掲載（対応画像未確認）","","",""
"東芝産業機器システム","VRF51D","未掲載（対応画像未確認）","","",""
"東芝産業機器システム","VVG51D","未掲載（対応画像未確認）","","",""
"東芝産業機器システム","VVG61D","未掲載（対応画像未確認）","","",""
"東芝産業機器システム","VVO61D","未掲載（対応画像未確認）","","",""
"東芝産業機器システム","VVP31D","未掲載（対応画像未確認）","","",""
"東芝産業機器システム","VVU51D","未掲載（対応画像未確認）","","",""
"東芝産業機器システム","VVU53D","未掲載（対応画像未確認）","","",""
"東芝産業機器システム","VVU61D","未掲載（対応画像未確認）","","",""
"東芝産業機器システム","VVU63D","未掲載（対応画像未確認）","","",""
"東芝産業機器システム","VWO31D","未掲載（対応画像未確認）","","",""
"東芝産業機器システム","VWO41D","未掲載（対応画像未確認）","","",""
"東芝産業機器システム","VZS61D","未掲載（対応画像未確認）","","",""
"東芝産業機器システム","Vシリーズ","掲載","Vシリーズ メーカー掲載画像","https://www.toshiba-tips.co.jp/products/assets/images/powersupply/protective-relay/trans_ry_feature3.png","https://www.toshiba-tips.co.jp/products/powersupply/protective-relay.html"
"明電舎","IPMATIIシリーズ","未掲載（対応画像未確認）","","",""
"明電舎","MEDIMULシリーズ","未掲載（対応画像未確認）","","",""
"明電舎","MRRシリーズ","未掲載（対応画像未確認）","","",""
"オムロン","COS-C-F4","未掲載（対応画像未確認）","","",""
"オムロン","COS-C-R2","未掲載（対応画像未確認）","","",""
"オムロン","COS-C3-F4","未掲載（対応画像未確認）","","",""
"オムロン","COS-C3-R2","未掲載（対応画像未確認）","","",""
"オムロン","COS-C3HT-F4","未掲載（対応画像未確認）","","",""
"オムロン","COS-C3HT-R2","未掲載（対応画像未確認）","","",""
"オムロン","COS-CHT-F4","未掲載（対応画像未確認）","","",""
"オムロン","COS-CHT-R2","未掲載（対応画像未確認）","","",""
"オムロン","COS-O-F4","未掲載（対応画像未確認）","","",""
"オムロン","COS-O-R2","未掲載（対応画像未確認）","","",""
"オムロン","COS-OHT-F4","未掲載（対応画像未確認）","","",""
"オムロン","COS-OHT-R2","未掲載（対応画像未確認）","","",""
"オムロン","CO-C-D2","未掲載（対応画像未確認）","","",""
"オムロン","CO-C-F1","未掲載（対応画像未確認）","","",""
"オムロン","CO-C-R1","未掲載（対応画像未確認）","","",""
"オムロン","CO-C3-D2","未掲載（対応画像未確認）","","",""
"オムロン","CO-C3-F1","未掲載（対応画像未確認）","","",""
"オムロン","CO-C3-R1","未掲載（対応画像未確認）","","",""
"オムロン","CO-C3HT-D2","未掲載（対応画像未確認）","","",""
"オムロン","CO-C3HT-F1","未掲載（対応画像未確認）","","",""
"オムロン","CO-C3HT-R1","未掲載（対応画像未確認）","","",""
"オムロン","CO-CH-D2","未掲載（対応画像未確認）","","",""
"オムロン","CO-CH-F1","未掲載（対応画像未確認）","","",""
"オムロン","CO-CH-R1","未掲載（対応画像未確認）","","",""
"オムロン","CO-CHT-D2","未掲載（対応画像未確認）","","",""
"オムロン","CO-CHT-F1","未掲載（対応画像未確認）","","",""
"オムロン","CO-CHT-R1","未掲載（対応画像未確認）","","",""
"オムロン","CO-D","未掲載（対応画像未確認）","","",""
"オムロン","CO-L","未掲載（対応画像未確認）","","",""
"オムロン","CO-L1-D2","未掲載（対応画像未確認）","","",""
"オムロン","CO-L1-F1","未掲載（対応画像未確認）","","",""
"オムロン","CO-L1-R1","未掲載（対応画像未確認）","","",""
"オムロン","CO-L1H-D2","未掲載（対応画像未確認）","","",""
"オムロン","CO-L1H-F1","未掲載（対応画像未確認）","","",""
"オムロン","CO-L1H-R1","未掲載（対応画像未確認）","","",""
"オムロン","CO-LA-D2","未掲載（対応画像未確認）","","",""
"オムロン","CO-LA-F1","未掲載（対応画像未確認）","","",""
"オムロン","CO-LA-R1","未掲載（対応画像未確認）","","",""
"オムロン","CO-LAH-D2","未掲載（対応画像未確認）","","",""
"オムロン","CO-LAH-F1","未掲載（対応画像未確認）","","",""
"オムロン","CO-LAH-R1","未掲載（対応画像未確認）","","",""
"オムロン","CO-LAO","未掲載（対応画像未確認）","","",""
"オムロン","CO-LAOH","未掲載（対応画像未確認）","","",""
"オムロン","CO-O-D2","未掲載（対応画像未確認）","","",""
"オムロン","CO-O-F1","未掲載（対応画像未確認）","","",""
"オムロン","CO-O-R1","未掲載（対応画像未確認）","","",""
"オムロン","CO-OHT-D2","未掲載（対応画像未確認）","","",""
"オムロン","CO-OHT-F1","未掲載（対応画像未確認）","","",""
"オムロン","CO-OHT-R1","未掲載（対応画像未確認）","","",""
"オムロン","CO-UC","未掲載（対応画像未確認）","","",""
"オムロン","CO-UC3","未掲載（対応画像未確認）","","",""
"三菱電機","MOC-1-D","未掲載（対応画像未確認）","","",""
"三菱電機","MOC-1T-D","未掲載（対応画像未確認）","","",""
"三菱電機","MOC-1I-D","未掲載（対応画像未確認）","","",""
"三菱電機","MOC-1TI-D","未掲載（対応画像未確認）","","",""
"三菱電機","MOC-1-R","未掲載（対応画像未確認）","","",""
"三菱電機","MOC-1I-R","未掲載（対応画像未確認）","","",""
"三菱電機","MOC-1T-R","未掲載（対応画像未確認）","","",""
"三菱電機","MOC-1TI-R","未掲載（対応画像未確認）","","",""
"三菱電機","MOC-1A-R","未掲載（対応画像未確認）","","",""
"三菱電機","MOC-1AI-R","未掲載（対応画像未確認）","","",""
"三菱電機","MOC-1N-R","未掲載（対応画像未確認）","","",""
"三菱電機","MOC-1NI-R","未掲載（対応画像未確認）","","",""
"三菱電機","MOC-1B-R","未掲載（対応画像未確認）","","",""
"三菱電機","MOC-1BI-R","未掲載（対応画像未確認）","","",""
"三菱電機","MOC-1AB-R","未掲載（対応画像未確認）","","",""
"三菱電機","MOC-1ABI-R","未掲載（対応画像未確認）","","",""
"三菱電機","MOC-2-D","未掲載（対応画像未確認）","","",""
"三菱電機","MOC-2T-D","未掲載（対応画像未確認）","","",""
"三菱電機","MOC-2I-D","未掲載（対応画像未確認）","","",""
"三菱電機","MOC-2TI-D","未掲載（対応画像未確認）","","",""
"三菱電機","MOC-2B-R","未掲載（対応画像未確認）","","",""
"三菱電機","MOC-2IB-R","未掲載（対応画像未確認）","","",""
"三菱電機","MOC-2-R","未掲載（対応画像未確認）","","",""
"三菱電機","MOC-2T-R","未掲載（対応画像未確認）","","",""
"三菱電機","MOC-2I-R","未掲載（対応画像未確認）","","",""
"三菱電機","MOC-2TI-R","未掲載（対応画像未確認）","","",""
"三菱電機","MOG-2-R","未掲載（対応画像未確認）","","",""
"三菱電機","MOG-2I-R","未掲載（対応画像未確認）","","",""
"三菱電機","MOC-E1V-R","未掲載（対応画像未確認）","","",""
"三菱電機","MOC-E1V-RD","未掲載（対応画像未確認）","","",""
"三菱電機","MOC-E1T-R","未掲載（対応画像未確認）","","",""
"三菱電機","MOC-E1T-RD","未掲載（対応画像未確認）","","",""
"三菱電機","MDG-1V-R","未掲載（対応画像未確認）","","",""
"三菱電機","MDG-E1V-R","未掲載（対応画像未確認）","","",""
"三菱電機","MDG-E1V-RD","未掲載（対応画像未確認）","","",""
"三菱電機","MDG-E2V-R","未掲載（対応画像未確認）","","",""
"三菱電機","MDG-E2V-RD","未掲載（対応画像未確認）","","",""
"三菱電機","MGR-1V-P","未掲載（対応画像未確認）","","",""
"三菱電機","MGR-1V-F","未掲載（対応画像未確認）","","",""
"三菱電機","MGR-1V-R","未掲載（対応画像未確認）","","",""
"三菱電機","MGR-1C-R","未掲載（対応画像未確認）","","",""
"三菱電機","MGR-1VB-F","未掲載（対応画像未確認）","","",""
"三菱電機","MGR-E1V-F","未掲載（対応画像未確認）","","",""
"三菱電機","MGR-E1VB-F","未掲載（対応画像未確認）","","",""
"三菱電機","MGR-E1V-R","未掲載（対応画像未確認）","","",""
"三菱電機","MGR-E1T-R","未掲載（対応画像未確認）","","",""
"三菱電機","MGR-E1V-RD","未掲載（対応画像未確認）","","",""
"三菱電機","MUV-E1V-R","未掲載（対応画像未確認）","","",""
"三菱電機","MUV-E11V-R","未掲載（対応画像未確認）","","",""
"三菱電機","MUV-E1V-RD","未掲載（対応画像未確認）","","",""
"三菱電機","MOV-E1V-R","未掲載（対応画像未確認）","","",""
"三菱電機","MOV-E1V-RD","未掲載（対応画像未確認）","","",""
"三菱電機","MVG-E1V-R","未掲載（対応画像未確認）","","",""
"三菱電機","MVG-E1V-RD","未掲載（対応画像未確認）","","",""
"三菱電機","MVG-E2V-R","未掲載（対応画像未確認）","","",""
"三菱電機","MVG-E2V-RD","未掲載（対応画像未確認）","","",""
"三菱電機","MPR-1V-E","未掲載（対応画像未確認）","","",""
"三菱電機","MPR-1T-E","未掲載（対応画像未確認）","","",""
"三菱電機","MPR-1GV-E","未掲載（対応画像未確認）","","",""
"三菱電機","MPR-1GT-E","未掲載（対応画像未確認）","","",""
"三菱電機","MPR-1DV-E","未掲載（対応画像未確認）","","",""
"三菱電機","MPR-1DT-E","未掲載（対応画像未確認）","","",""
"三菱電機","MCD-1-D","未掲載（対応画像未確認）","","",""
"三菱電機","LUV-1B-D","未掲載（対応画像未確認）","","",""
"三菱電機","LUV-2-D","未掲載（対応画像未確認）","","",""
"三菱電機","LO-1B-D","未掲載（対応画像未確認）","","",""
"三菱電機","LO-1C-D","未掲載（対応画像未確認）","","",""
"三菱電機","LO-1D-D","未掲載（対応画像未確認）","","",""
"三菱電機","LO-1E-D","未掲載（対応画像未確認）","","",""
"三菱電機","LO3-1B-D","未掲載（対応画像未確認）","","",""
"三菱電機","LO3-1E-D","未掲載（対応画像未確認）","","",""
"三菱電機","LOE-2-R","未掲載（対応画像未確認）","","",""
"三菱電機","LOE-4C-R","未掲載（対応画像未確認）","","",""
"三菱電機","LOE-4V-R","未掲載（対応画像未確認）","","",""
"三菱電機","LOE-5V","未掲載（対応画像未確認）","","",""
"三菱電機","LOE-41C-R","未掲載（対応画像未確認）","","",""
"三菱電機","LOE-41V-R","未掲載（対応画像未確認）","","",""
"三菱電機","LOE-51V","未掲載（対応画像未確認）","","",""
"三菱電機","MVR-1-R","未掲載（対応画像未確認）","","",""
"三菱電機","MVR-1A-R","未掲載（対応画像未確認）","","",""
"三菱電機","MVR-2-R","未掲載（対応画像未確認）","","",""
"三菱電機","MVR-2A-R","未掲載（対応画像未確認）","","",""
"三菱電機","MVR-1B-R","未掲載（対応画像未確認）","","",""
"三菱電機","MVR-1AB-R","未掲載（対応画像未確認）","","",""
"三菱電機","MVR-2B-R","未掲載（対応画像未確認）","","",""
"三菱電機","MVR-2AB-R","未掲載（対応画像未確認）","","",""
"三菱電機","MVR-1-D","未掲載（対応画像未確認）","","",""
"三菱電機","MVR-2-D","未掲載（対応画像未確認）","","",""
"三菱電機","CAC1-10-M3","未掲載（対応画像未確認）","","",""
"三菱電機","CAC2-10-M3","未掲載（対応画像未確認）","","",""
"三菱電機","CAC3-10-M2","未掲載（対応画像未確認）","","",""
"三菱電機","CAG-D","未掲載（対応画像未確認）","","",""
"三菱電機","CAT-D","未掲載（対応画像未確認）","","",""
"三菱電機","CAT-E","未掲載（対応画像未確認）","","",""
"三菱電機","CBV1-20-M1","未掲載（対応画像未確認）","","",""
"三菱電機","CBV1-A01D1","未掲載（対応画像未確認）","","",""
"三菱電機","CBV2-A02D1","未掲載（対応画像未確認）","","",""
"三菱電機","CBV3-10-M3","未掲載（対応画像未確認）","","",""
"三菱電機","CBV3-20-M1","未掲載（対応画像未確認）","","",""
"三菱電機","CBV3-E1-MD","未掲載（対応画像未確認）","","",""
"三菱電機","CBV4-10-M3","未掲載（対応画像未確認）","","",""
"三菱電機","CDZ1-10-M3","未掲載（対応画像未確認）","","",""
"三菱電機","CFP1-10-M3","未掲載（対応画像未確認）","","",""
"三菱電機","CFP1-20-M3","未掲載（対応画像未確認）","","",""
"三菱電機","CFP1-30-M1","未掲載（対応画像未確認）","","",""
"三菱電機","CFP1-40-M1","未掲載（対応画像未確認）","","",""
"三菱電機","CFR1-10-M1","未掲載（対応画像未確認）","","",""
"三菱電機","CFR2-10-M1","未掲載（対応画像未確認）","","",""
"三菱電機","CFR3-10-M1","未掲載（対応画像未確認）","","",""
"三菱電機","CGP2-10-M3","未掲載（対応画像未確認）","","",""
"三菱電機","CGP3-10-M3","未掲載（対応画像未確認）","","",""
"三菱電機","CGP4-10-M3","未掲載（対応画像未確認）","","",""
"三菱電機","CMP1-A03D2","未掲載（対応画像未確認）","","",""
"三菱電機","CMP2-10-M3","未掲載（対応画像未確認）","","",""
"三菱電機","CMP3-10-M3","未掲載（対応画像未確認）","","",""
"三菱電機","CO-15-D","未掲載（対応画像未確認）","","",""
"三菱電機","CO-15I-D","未掲載（対応画像未確認）","","",""
"三菱電機","CO-16-D","未掲載（対応画像未確認）","","",""
"三菱電機","CO-16I-D","未掲載（対応画像未確認）","","",""
"三菱電機","CO-18-D","未掲載（対応画像未確認）","","",""
"三菱電機","CO-18I-D","未掲載（対応画像未確認）","","",""
"三菱電機","CO-15-R","未掲載（対応画像未確認）","","",""
"三菱電機","CO-15I-R","未掲載（対応画像未確認）","","",""
"三菱電機","CO-16-R","未掲載（対応画像未確認）","","",""
"三菱電機","CO-16I-R","未掲載（対応画像未確認）","","",""
"三菱電機","CO-18-R","未掲載（対応画像未確認）","","",""
"三菱電機","CO-18I-R","未掲載（対応画像未確認）","","",""
"三菱電機","CO-2","未掲載（対応画像未確認）","","",""
"三菱電機","CO-5","未掲載（対応画像未確認）","","",""
"三菱電機","CO-6","未掲載（対応画像未確認）","","",""
"三菱電機","CO-7","未掲載（対応画像未確認）","","",""
"三菱電機","CO-8","未掲載（対応画像未確認）","","",""
"三菱電機","CO-9","未掲載（対応画像未確認）","","",""
"三菱電機","CO-11","未掲載（対応画像未確認）","","",""
"三菱電機","CO-2I","未掲載（対応画像未確認）","","",""
"三菱電機","CO-5I","未掲載（対応画像未確認）","","",""
"三菱電機","CO-6I","未掲載（対応画像未確認）","","",""
"三菱電機","CO-7I","未掲載（対応画像未確認）","","",""
"三菱電機","CO-8I","未掲載（対応画像未確認）","","",""
"三菱電機","CO-9I","未掲載（対応画像未確認）","","",""
"三菱電機","CO-11I","未掲載（対応画像未確認）","","",""
"三菱電機","COT-21-R","未掲載（対応画像未確認）","","",""
"三菱電機","COT-21I-R","未掲載（対応画像未確認）","","",""
"三菱電機","CO-21-R","未掲載（対応画像未確認）","","",""
"三菱電機","CO-21I-R","未掲載（対応画像未確認）","","",""
"三菱電機","CO-4-R","未掲載（対応画像未確認）","","",""
"三菱電機","COT-4-R","未掲載（対応画像未確認）","","",""
"三菱電機","CON-4-R","未掲載（対応画像未確認）","","",""
"三菱電機","COA-4-R","未掲載（対応画像未確認）","","",""
"三菱電機","CO-4I-R","未掲載（対応画像未確認）","","",""
"三菱電機","COT-4I-R","未掲載（対応画像未確認）","","",""
"三菱電機","CON-4I-R","未掲載（対応画像未確認）","","",""
"三菱電機","COA-4I-R","未掲載（対応画像未確認）","","",""
"三菱電機","CO-5I-R","未掲載（対応画像未確認）","","",""
"三菱電機","COT-5I-R","未掲載（対応画像未確認）","","",""
"三菱電機","CON-5I-R","未掲載（対応画像未確認）","","",""
"三菱電機","COA-5I-R","未掲載（対応画像未確認）","","",""
"三菱電機","CO-6-R","未掲載（対応画像未確認）","","",""
"三菱電機","COT-6-R","未掲載（対応画像未確認）","","",""
"三菱電機","CON-6-R","未掲載（対応画像未確認）","","",""
"三菱電機","COA-6-R","未掲載（対応画像未確認）","","",""
"三菱電機","CO-6I-R","未掲載（対応画像未確認）","","",""
"三菱電機","COT-6I-R","未掲載（対応画像未確認）","","",""
"三菱電機","CON-6I-R","未掲載（対応画像未確認）","","",""
"三菱電機","COA-6I-R","未掲載（対応画像未確認）","","",""
"三菱電機","COC1-11-M1","未掲載（対応画像未確認）","","",""
"三菱電機","COC2-11-M1","未掲載（対応画像未確認）","","",""
"三菱電機","COC3-11-M1","未掲載（対応画像未確認）","","",""
"三菱電機","COC3-21-M1","未掲載（対応画像未確認）","","",""
"三菱電機","COC1-20-M1","未掲載（対応画像未確認）","","",""
"三菱電機","COC2-20-M1","未掲載（対応画像未確認）","","",""
"三菱電機","COC3-20-M1","未掲載（対応画像未確認）","","",""
"三菱電機","COC3-30-M1","未掲載（対応画像未確認）","","",""
"三菱電機","COC4-10-M3","未掲載（対応画像未確認）","","",""
"三菱電機","COC4-20-M1","未掲載（対応画像未確認）","","",""
"三菱電機","COC5-10-M3","未掲載（対応画像未確認）","","",""
"三菱電機","COC6-10-M3","未掲載（対応画像未確認）","","",""
"三菱電機","COG-2-D","未掲載（対応画像未確認）","","",""
"三菱電機","COG-2-E","未掲載（対応画像未確認）","","",""
"三菱電機","COQ-D","未掲載（対応画像未確認）","","",""
"三菱電機","COR-1B-D","未掲載（対応画像未確認）","","",""
"三菱電機","COV-6-D","未掲載（対応画像未確認）","","",""
"三菱電機","COV-7-D","未掲載（対応画像未確認）","","",""
"三菱電機","COV-8-D","未掲載（対応画像未確認）","","",""
"三菱電機","COV-9-D","未掲載（対応画像未確認）","","",""
"三菱電機","COV-6I-D","未掲載（対応画像未確認）","","",""
"三菱電機","COV-7I-D","未掲載（対応画像未確認）","","",""
"三菱電機","COV-8I-D","未掲載（対応画像未確認）","","",""
"三菱電機","COV-9I-D","未掲載（対応画像未確認）","","",""
"三菱電機","COV1-11-M1","未掲載（対応画像未確認）","","",""
"三菱電機","COV1-20-M1","未掲載（対応画像未確認）","","",""
"三菱電機","COV1-21-M1","未掲載（対応画像未確認）","","",""
"三菱電機","CRD-6","未掲載（対応画像未確認）","","",""
"三菱電機","CRD-7","未掲載（対応画像未確認）","","",""
"三菱電機","CRD-8","未掲載（対応画像未確認）","","",""
"三菱電機","CRD-9","未掲載（対応画像未確認）","","",""
"三菱電機","CR-6-D","未掲載（対応画像未確認）","","",""
"三菱電機","CR-8-D","未掲載（対応画像未確認）","","",""
"三菱電機","CUV1-11-M1","未掲載（対応画像未確認）","","",""
"三菱電機","CUV1-20-M1","未掲載（対応画像未確認）","","",""
"三菱電機","CUV3-20-M1","未掲載（対応画像未確認）","","",""
"三菱電機","CV-1-D","未掲載（対応画像未確認）","","",""
"三菱電機","CV-4-D","未掲載（対応画像未確認）","","",""
"三菱電機","CV-6-D","未掲載（対応画像未確認）","","",""
"三菱電機","CV-2-D","未掲載（対応画像未確認）","","",""
"三菱電機","CV-5-D","未掲載（対応画像未確認）","","",""
"三菱電機","CV-7-D","未掲載（対応画像未確認）","","",""
"三菱電機","CV-2-R","未掲載（対応画像未確認）","","",""
"三菱電機","CVN-2-R","未掲載（対応画像未確認）","","",""
"三菱電機","CVA-2-R","未掲載（対応画像未確認）","","",""
"三菱電機","CV-5-R","未掲載（対応画像未確認）","","",""
"三菱電機","CVN-5-R","未掲載（対応画像未確認）","","",""
"三菱電機","CVA-5-R","未掲載（対応画像未確認）","","",""
"三菱電機","CV-8-D","未掲載（対応画像未確認）","","",""
"三菱電機","CV-8-M","未掲載（対応画像未確認）","","",""
"三菱電機","CW-12B-D","未掲載（対応画像未確認）","","",""
"三菱電機","CW-13D-D","未掲載（対応画像未確認）","","",""
"三菱電機","CW-14-D","未掲載（対応画像未確認）","","",""
"三菱電機","CW-15B-D","未掲載（対応画像未確認）","","",""
"三菱電機","CW-15B-R","未掲載（対応画像未確認）","","",""
"三菱電機","CW-15F-R","未掲載（対応画像未確認）","","",""
"三菱電機","CWG","未掲載（対応画像未確認）","","",""
"三菱電機","CWG-2B-R","未掲載（対応画像未確認）","","",""
"三菱電機","CWG-2B-D","未掲載（対応画像未確認）","","",""
"光商工","LDG-25","掲載","LDG-25 メーカー掲載画像（メーカー共通画像）","https://www.hikari-gr.co.jp/dcms_media/image/LDG-25_26.jpg","https://www.hikari-gr.co.jp/products/search/product01/list01/item_17"
"光商工","LDG-26","未掲載（対応画像未確認）","","",""
"光商工","LDG-13DP","未掲載（対応画像未確認）","","",""
"光商工","LDG-13DP2","未掲載（対応画像未確認）","","",""
"光商工","LDG-11DP","未掲載（対応画像未確認）","","",""
"光商工","LDG-11DP2","未掲載（対応画像未確認）","","",""
"光商工","LVG-2P","未掲載（対応画像未確認）","","",""
"光商工","LVG-2P2","未掲載（対応画像未確認）","","",""
"光商工","LEG-21","未掲載（対応画像未確認）","","",""
"光商工","LEG-31","未掲載（対応画像未確認）","","",""
"光商工","LEG-41","未掲載（対応画像未確認）","","",""
"光商工","LEG-141","未掲載（対応画像未確認）","","",""
"光商工","LEG-171","未掲載（対応画像未確認）","","",""
"光商工","LEG-171A","未掲載（対応画像未確認）","","",""
"光商工","LEG-107","掲載","LEG-107 メーカー掲載画像","https://www.hikari-gr.co.jp/dcms_media/image/LEG-107.jpg","https://www.hikari-gr.co.jp/products/search/product01/list03"
"光商工","LEG-108","掲載","LEG-108 メーカー掲載画像","https://www.hikari-gr.co.jp/dcms_media/image/LEG-108.jpg","https://www.hikari-gr.co.jp/products/search/product01/list03"
"光商工","LEG-109","掲載","LEG-109 メーカー掲載画像","https://www.hikari-gr.co.jp/dcms_media/image/LEG-109.jpg","https://www.hikari-gr.co.jp/products/search/product01/list03"
"光商工","LEG-102A","未掲載（対応画像未確認）","","",""
"光商工","LEG-102B","未掲載（対応画像未確認）","","",""
"光商工","LEG-102C","未掲載（対応画像未確認）","","",""
"光商工","LEG-61","未掲載（対応画像未確認）","","",""
"光商工","LEG-161","未掲載（対応画像未確認）","","",""
"富士電機","DUT*A***-6","未掲載（対応画像未確認）","","",""
"富士電機","DUT*AW**-6","未掲載（対応画像未確認）","","",""
"富士電機","DUT*E***-6","未掲載（対応画像未確認）","","",""
"富士電機","DUT*CT**-6","未掲載（対応画像未確認）","","",""
"富士電機","DUT*DT**-6","未掲載（対応画像未確認）","","",""
"富士電機","DUT*JT**-6","未掲載（対応画像未確認）","","",""
"富士電機","DUT*G***-6","未掲載（対応画像未確認）","","",""
"富士電機","DUT*U***-6","未掲載（対応画像未確認）","","",""
"富士電機","DUT*UW**-6","未掲載（対応画像未確認）","","",""
"富士電機","DUT*V***-6","未掲載（対応画像未確認）","","",""
"富士電機","DUT*LT**-6","未掲載（対応画像未確認）","","",""
"富士電機","DUT*KT**-6","未掲載（対応画像未確認）","","",""
"富士電機","DUT*FDA*-6","未掲載（対応画像未確認）","","",""
"富士電機","DUT*ST**-6","未掲載（対応画像未確認）","","",""
"富士電機","DUT*PT**-6","未掲載（対応画像未確認）","","",""
"富士電機","DUTSZTA*-6","未掲載（対応画像未確認）","","",""
"富士電機","DUT**D*P-6","未掲載（対応画像未確認）","","",""
"富士電機","DUTS*S**-6","未掲載（対応画像未確認）","","",""
"富士電機","DUT*A***-2","未掲載（対応画像未確認）","","",""
"富士電機","DUT*U***-2","未掲載（対応画像未確認）","","",""
"富士電機","DUT*G***-2","未掲載（対応画像未確認）","","",""
"富士電機","DUT*DTB*-3","未掲載（対応画像未確認）","","",""
"オムロン","K2FA-D□□-D2","未掲載（対応画像未確認）","","",""
"オムロン","K2FA-D□□-F4","未掲載（対応画像未確認）","","",""
"オムロン","K2FA-D□□-R2","未掲載（対応画像未確認）","","",""
"オムロン","K2FA-S□□-D2","未掲載（対応画像未確認）","","",""
"オムロン","K2FA-S□□-F4","未掲載（対応画像未確認）","","",""
"オムロン","K2FA-S□□-R2","未掲載（対応画像未確認）","","",""
"明電舎","MR63M-01","未掲載（対応画像未確認）","","",""
"明電舎","MR63M-01A","未掲載（対応画像未確認）","","",""
"明電舎","MR63M-02","未掲載（対応画像未確認）","","",""
"明電舎","MR63M-02A","未掲載（対応画像未確認）","","",""
"明電舎","MR63M-03","未掲載（対応画像未確認）","","",""
"明電舎","MR63M-03A","未掲載（対応画像未確認）","","",""
"明電舎","MR63M-04","未掲載（対応画像未確認）","","",""
"明電舎","MR63M-04A","未掲載（対応画像未確認）","","",""
"明電舎","MB63M-01","未掲載（対応画像未確認）","","",""
"明電舎","MB63M-02","未掲載（対応画像未確認）","","",""
"明電舎","MF63M-01","未掲載（対応画像未確認）","","",""
"明電舎","MF63M-01A","未掲載（対応画像未確認）","","",""
"明電舎","MF63M-02","未掲載（対応画像未確認）","","",""
"明電舎","MF63M-02A","未掲載（対応画像未確認）","","",""
"明電舎","MN80S2-01","未掲載（対応画像未確認）","","",""
"明電舎","MT80S1-01/01A/C02","未掲載（対応画像未確認）","","",""
"明電舎","MR3-1003","未掲載（対応画像未確認）","","",""
"オムロン","K6EL-30","掲載","K6EL シリーズ参考画像","https://www.fa.omron.co.jp/Images/pf_850-14-326825-orig.jpg","https://www.fa.omron.co.jp/products/family/850/"
"オムロン","K6EL-100","掲載","K6EL シリーズ参考画像","https://www.fa.omron.co.jp/Images/pf_850-14-326825-orig.jpg","https://www.fa.omron.co.jp/products/family/850/"
"オムロン","K6EL-200","掲載","K6EL シリーズ参考画像","https://www.fa.omron.co.jp/Images/pf_850-14-326825-orig.jpg","https://www.fa.omron.co.jp/products/family/850/"
"オムロン","K6EL-500","掲載","K6EL シリーズ参考画像","https://www.fa.omron.co.jp/Images/pf_850-14-326825-orig.jpg","https://www.fa.omron.co.jp/products/family/850/"
"オムロン","K6EL-A100","掲載","K6EL シリーズ参考画像","https://www.fa.omron.co.jp/Images/pf_850-14-326825-orig.jpg","https://www.fa.omron.co.jp/products/family/850/"
"オムロン","K6EL-A200","掲載","K6EL シリーズ参考画像","https://www.fa.omron.co.jp/Images/pf_850-14-326825-orig.jpg","https://www.fa.omron.co.jp/products/family/850/"
"オムロン","K6EL-A500","掲載","K6EL シリーズ参考画像","https://www.fa.omron.co.jp/Images/pf_850-14-326825-orig.jpg","https://www.fa.omron.co.jp/products/family/850/"
"オムロン","K6EL-L4","掲載","K6EL シリーズ参考画像","https://www.fa.omron.co.jp/Images/pf_850-14-326825-orig.jpg","https://www.fa.omron.co.jp/products/family/850/"
"オムロン","K6EL-LT22","掲載","K6EL シリーズ参考画像","https://www.fa.omron.co.jp/Images/pf_850-14-326825-orig.jpg","https://www.fa.omron.co.jp/products/family/850/"
"オムロン","K6EL-R50","掲載","K6EL シリーズ参考画像","https://www.fa.omron.co.jp/Images/pf_850-14-326825-orig.jpg","https://www.fa.omron.co.jp/products/family/850/"
"オムロン","K6EL-R500","掲載","K6EL シリーズ参考画像","https://www.fa.omron.co.jp/Images/pf_850-14-326825-orig.jpg","https://www.fa.omron.co.jp/products/family/850/"
"オムロン","ESA-B1-15","未掲載（対応画像未確認）","","",""
"オムロン","ESA-B1-50","未掲載（対応画像未確認）","","",""
"オムロン","ESA-B1-200","未掲載（対応画像未確認）","","",""
"三菱電機","NV-ZBA","掲載","NV-ZBA メーカー掲載画像","https://www.mitsubishielectric.co.jp/fa/products/lvd/lvcb/pmerit/elrly/assets/img/elrly02_01.jpg","https://www.mitsubishielectric.co.jp/fa/products/lvd/lvcb/pmerit/elrly/elrly_2.html"
"三菱電機","NV-ZSA","掲載","NV-ZSA メーカー掲載画像","https://www.mitsubishielectric.co.jp/fa/products/lvd/lvcb/pmerit/elrly/assets/img/elrly02_02.jpg","https://www.mitsubishielectric.co.jp/fa/products/lvd/lvcb/pmerit/elrly/elrly_2.html"
"三菱電機","NV-ZHA","掲載","NV-ZHA メーカー掲載画像","https://www.mitsubishielectric.co.jp/fa/products/lvd/lvcb/pmerit/elrly/assets/img/elrly02_03.jpg","https://www.mitsubishielectric.co.jp/fa/products/lvd/lvcb/pmerit/elrly/elrly_2.html"
"三菱電機","NV-ZLA","掲載","NV-ZLA メーカー掲載画像","https://www.mitsubishielectric.co.jp/fa/products/lvd/lvcb/pmerit/elrly/assets/img/elrly02_04.jpg","https://www.mitsubishielectric.co.jp/fa/products/lvd/lvcb/pmerit/elrly/elrly_2.html"
"三菱電機","NV-ZAA","掲載","NV-ZAA メーカー掲載画像","https://www.mitsubishielectric.co.jp/fa/products/lvd/lvcb/pmerit/elrly/assets/img/elrly02_05.jpg","https://www.mitsubishielectric.co.jp/fa/products/lvd/lvcb/pmerit/elrly/elrly_2.html"
"三菱電機","NV-ZP","掲載","NV-ZP メーカー掲載画像","https://www.mitsubishielectric.co.jp/fa/products/lvd/lvcb/pmerit/elrly/assets/img/elrly02_06.jpg","https://www.mitsubishielectric.co.jp/fa/products/lvd/lvcb/pmerit/elrly/elrly_2.html"
"富士電機","QL-11F","未掲載（対応画像未確認）","","",""
"富士電機","QL-11FD","未掲載（対応画像未確認）","","",""
"富士電機","QL-30B","未掲載（対応画像未確認）","","",""
"富士電機","QL-31BN","未掲載（対応画像未確認）","","",""
"富士電機","QL-31BA","未掲載（対応画像未確認）","","",""
"富士電機","QL-30P","未掲載（対応画像未確認）","","",""
"富士電機","QL-31P","未掲載（対応画像未確認）","","",""
"富士電機","QL-21B1","未掲載（対応画像未確認）","","",""
"富士電機","QL-21B2","未掲載（対応画像未確認）","","",""
"富士電機","QL-21BD","未掲載（対応画像未確認）","","",""
"富士電機","QL-21F1","未掲載（対応画像未確認）","","",""
"富士電機","QL-21F2","未掲載（対応画像未確認）","","",""
"富士電機","QL-21FD","未掲載（対応画像未確認）","","",""
"富士電機","QLD-5S","未掲載（対応画像未確認）","","",""
"富士電機","QLD-10S","未掲載（対応画像未確認）","","",""
"富士電機","QL-52BN","未掲載（対応画像未確認）","","",""
"富士電機","QLE","掲載","QLE メーカー掲載画像","https://www.fujielectric.co.jp/technica/products/earth-leakage-protective-relays/img/QLE.jpg","https://www.fujielectric.co.jp/technica/products/earth-leakage-protective-relays/"
"富士電機","BRR01N","未掲載（対応画像未確認）","","",""
"富士電機","BRR09N","未掲載（対応画像未確認）","","",""
"富士電機","BRR11N","未掲載（対応画像未確認）","","",""
"富士電機","BRR19N","未掲載（対応画像未確認）","","",""
"富士電機","BRR21N","未掲載（対応画像未確認）","","",""
"富士電機","BRR29N","未掲載（対応画像未確認）","","",""
"富士電機","BRR22N","未掲載（対応画像未確認）","","",""
"富士電機","BRR25N","未掲載（対応画像未確認）","","",""
"富士電機","EL25P0","未掲載（対応画像未確認）","","",""
"富士電機","EL40P0","未掲載（対応画像未確認）","","",""
"富士電機","EL60P0","未掲載（対応画像未確認）","","",""
"富士電機","EL90P0","未掲載（対応画像未確認）","","",""
"富士電機","EL120P0","未掲載（対応画像未確認）","","",""
"富士電機","RRD25P0","未掲載（対応画像未確認）","","",""
"富士電機","RRD40P0","未掲載（対応画像未確認）","","",""
"富士電機","RRD60P0","未掲載（対応画像未確認）","","",""
"富士電機","RRD90P0","未掲載（対応画像未確認）","","",""
"富士電機","RRD120P0","未掲載（対応画像未確認）","","",""
"富士電機","RRD6AZ□","未掲載（対応画像未確認）","","",""
"富士電機","RRD8AZ□","未掲載（対応画像未確認）","","",""
"富士電機","RRD10AZ□","未掲載（対応画像未確認）","","",""
"富士電機","RRD12AZ□","未掲載（対応画像未確認）","","",""
"富士電機","RRD16AZ□","未掲載（対応画像未確認）","","",""
"富士電機","RRD20AZ□","未掲載（対応画像未確認）","","",""
"富士電機","RRD30AZ□","未掲載（対応画像未確認）","","",""
"光商工","LEG-107L","掲載","LEG-107L メーカー掲載画像","https://www.hikari-gr.co.jp/dcms_media/image/LEG-107L.jpg","https://www.hikari-gr.co.jp/products/search/product02/list003/item_34"
"光商工","LEG-107LN","未掲載（対応画像未確認）","","",""
"光商工","LEG-107LA","掲載","LEG-107LA メーカー掲載画像","https://www.hikari-gr.co.jp/dcms_media/image/LEG-107LA.jpg","https://www.hikari-gr.co.jp/products/search/product02/list003/item_34"
"光商工","LEG-107LAN","未掲載（対応画像未確認）","","",""
"光商工","LEG-107LF","未掲載（対応画像未確認）","","",""
"光商工","LEG-107LNF","未掲載（対応画像未確認）","","",""
"光商工","LEG-107LAF","未掲載（対応画像未確認）","","",""
"光商工","LEG-107LANF","未掲載（対応画像未確認）","","",""
"光商工","LEG-107LA-DC","未掲載（対応画像未確認）","","",""
"光商工","LEG-107LAN-DC","未掲載（対応画像未確認）","","",""
"光商工","LEG-108L","掲載","LEG-108L メーカー掲載画像","https://www.hikari-gr.co.jp/dcms_media/image/LEG-108L_%E6%AD%A3%E9%9D%A2.jpg","https://www.hikari-gr.co.jp/products/search/product02/list003/item_35"
"光商工","LEG-108LN","未掲載（対応画像未確認）","","",""
"光商工","LEG-108LA","掲載","LEG-108LA メーカー掲載画像","https://www.hikari-gr.co.jp/dcms_media/image/LEG-108LA.jpg","https://www.hikari-gr.co.jp/products/search/product02/list003/item_35"
"光商工","LEG-108LAN","未掲載（対応画像未確認）","","",""
"光商工","LEG-108LF","未掲載（対応画像未確認）","","",""
"光商工","LEG-108LNF","未掲載（対応画像未確認）","","",""
"光商工","LEG-108LAF","未掲載（対応画像未確認）","","",""
"光商工","LEG-108LANF","未掲載（対応画像未確認）","","",""
"光商工","LEG-108LA-DC","未掲載（対応画像未確認）","","",""
"光商工","LEG-108LAN-DC","未掲載（対応画像未確認）","","",""
"光商工","LEG-109LA","掲載","LEG-109LA メーカー掲載画像","https://www.hikari-gr.co.jp/dcms_media/image/LEG-109LA.jpg","https://www.hikari-gr.co.jp/products/search/product02/list003/item_36"
"光商工","LEG-109LB","未掲載（対応画像未確認）","","",""
"光商工","LEG-109LA-DC","未掲載（対応画像未確認）","","",""
"光商工","LEG-109LB-DC","未掲載（対応画像未確認）","","",""
"光商工","LEG-130L","掲載","LEG-130L メーカー掲載画像","https://www.hikari-gr.co.jp/dcms_media/image/LEG-130L.jpg","https://www.hikari-gr.co.jp/products/search/product02/list003/item_37"
"光商工","LEG-130LA","未掲載（対応画像未確認）","","",""
"光商工","LEG-190L","掲載","LEG-190L メーカー掲載画像","https://www.hikari-gr.co.jp/dcms_media/image/LEG-190L_1.jpg","https://www.hikari-gr.co.jp/products/search/product02/list003/item_39"
"光商工","LEG-190L-DC","未掲載（対応画像未確認）","","",""
"光商工","LEG-193L","掲載","LEG-193L メーカー掲載画像","https://www.hikari-gr.co.jp/dcms_media/image/LEG-193L.jpg","https://www.hikari-gr.co.jp/products/search/product02/list003/item_40"
"光商工","LEG-193L-DC","未掲載（対応画像未確認）","","",""
"光商工","LEG-200L","掲載","LEG-200L メーカー掲載画像","https://www.hikari-gr.co.jp/dcms_media/image/LEG-200L.jpg","https://www.hikari-gr.co.jp/products/search/product02/list003/item_38"
"光商工","LU-4L","掲載","LU-4L メーカー掲載画像","https://www.hikari-gr.co.jp/dcms_media/image/LU-4L.jpg","https://www.hikari-gr.co.jp/products/search/product02/list003/item_41"
"光商工","LU-4LN","未掲載（対応画像未確認）","","",""
"光商工","LU-4LF","未掲載（対応画像未確認）","","",""
"光商工","LU-4LNF","未掲載（対応画像未確認）","","",""
"光商工","LU-4A","未掲載（対応画像未確認）","","",""
"光商工","LU-4B","未掲載（対応画像未確認）","","",""
"光商工","LEG-300L","掲載","LEG-300L メーカー掲載画像","https://www.hikari-gr.co.jp/dcms_media/image/LEG-300L.jpg","https://www.hikari-gr.co.jp/products/search/product02/list003/item_80"
"光商工","LEG-300LA","掲載","LEG-300LA メーカー掲載画像","https://www.hikari-gr.co.jp/dcms_media/image/LEG-300LA.jpg","https://www.hikari-gr.co.jp/products/search/product02/list003"
"光商工","LEG-20","未掲載（対応画像未確認）","","",""
"光商工","LEG-30","未掲載（対応画像未確認）","","",""
"光商工","LEG-40","未掲載（対応画像未確認）","","",""
"光商工","LEG-140L","掲載","LEG-140L メーカー掲載画像","https://www.hikari-gr.co.jp/dcms_media/image/LEG-140L.jpg","https://www.hikari-gr.co.jp/products/search/product02/list003/item_525"
"光商工","LEG-170L","掲載","LEG-170L メーカー掲載画像","https://www.hikari-gr.co.jp/dcms_media/image/LEG-170L.jpg","https://www.hikari-gr.co.jp/products/search/product02/list003/item_526"
"光商工","LEG-170LN","未掲載（対応画像未確認）","","",""
"光商工","LEG-170LF","未掲載（対応画像未確認）","","",""
"光商工","LEG-170LNF","未掲載（対応画像未確認）","","",""
"光商工","LEG-170L-DC","未掲載（対応画像未確認）","","",""
"光商工","LEG-170LN-DC","未掲載（対応画像未確認）","","",""
"光商工","LEG-140N1","未掲載（対応画像未確認）","","",""
"光商工","LEG-140N2","未掲載（対応画像未確認）","","",""
"光商工","LEG-101L","未掲載（対応画像未確認）","","",""
"光商工","LEG-102L","未掲載（対応画像未確認）","","",""
"光商工","LEG-107LD","未掲載（対応画像未確認）","","",""
"光商工","LEG-108LD","未掲載（対応画像未確認）","","",""
"光商工","LEG-120L","未掲載（対応画像未確認）","","",""
"光商工","LEG-121L","未掲載（対応画像未確認）","","",""
"光商工","LEG-122L","未掲載（対応画像未確認）","","",""
"光商工","LEG-123L","未掲載（対応画像未確認）","","",""
"光商工","LEG-125L","未掲載（対応画像未確認）","","",""
"光商工","LEG-161L","未掲載（対応画像未確認）","","",""
"光商工","LEG-23","未掲載（対応画像未確認）","","",""
"光商工","LEG-33","未掲載（対応画像未確認）","","",""
"光商工","LEG-43","未掲載（対応画像未確認）","","",""
"光商工","LEG-143L","未掲載（対応画像未確認）","","",""
"光商工","LEG-173L","未掲載（対応画像未確認）","","",""
"光商工","LU-1","未掲載（対応画像未確認）","","",""
"光商工","LU-2","未掲載（対応画像未確認）","","",""
"光商工","LU-3","未掲載（対応画像未確認）","","",""
"光商工","LU-3L","未掲載（対応画像未確認）","","",""
"光商工","LU-3LN","未掲載（対応画像未確認）","","",""
"光商工","LU-2A","未掲載（対応画像未確認）","","",""
"光商工","LU-3A","未掲載（対応画像未確認）","","",""
"光商工","LU-2B","未掲載（対応画像未確認）","","",""
"光商工","LU-3B","未掲載（対応画像未確認）","","",""
"光商工","LDI-1","掲載","LDI-1 メーカー掲載画像","https://www.hikari-gr.co.jp/dcms_media/image/LDI-1.jpg","https://www.hikari-gr.co.jp/products/search/product03/list0001/item_64"
"光商工","LIG-2A","掲載","LIG-2A メーカー掲載画像","https://www.hikari-gr.co.jp/dcms_media/image/LIG-2A.jpg","https://www.hikari-gr.co.jp/products/search/product02/list001/item_50"
"光商工","LIG-2AU","未掲載（対応画像未確認）","","",""
"光商工","LB-5A","未掲載（対応画像未確認）","","",""
"光商工","LNV-1B","掲載","LNV-1B メーカー掲載画像","https://www.hikari-gr.co.jp/dcms_media/image/LNV-1B.jpg","https://www.hikari-gr.co.jp/products/search/product02/list001/item_51"
"光商工","GM30B","未掲載（対応画像未確認）","","",""
"光商工","LIG-11","未掲載（対応画像未確認）","","",""
"光商工","LSIG-8A","掲載","LSIG-8A メーカー掲載画像","https://www.hikari-gr.co.jp/dcms_media/image/LSIG-8A.jpg","https://www.hikari-gr.co.jp/products/search/product02/list001/item_53"
"光商工","LIG-2M","掲載","LIG-2M メーカー掲載画像","https://www.hikari-gr.co.jp/dcms_media/image/LIG-2M.jpg","https://www.hikari-gr.co.jp/products/search/product02/list001/item_55"
"光商工","LT-14","未掲載（対応画像未確認）","","",""
"光商工","LSIG-8","掲載","LSIG-8 メーカー掲載画像","https://www.hikari-gr.co.jp/dcms_media/image/LSIG-8.jpg","https://www.hikari-gr.co.jp/products/search/product02/list001/item_400"
"光商工","LIG-2","掲載","LIG-2 メーカー掲載画像","https://www.hikari-gr.co.jp/dcms_media/image/LIG-2.jpg","https://www.hikari-gr.co.jp/products/search/product02/list001/item_401"
"光商工","LIG-2U","未掲載（対応画像未確認）","","",""
"光商工","LNV-1A","未掲載（対応画像未確認）","","",""
"光商工","GM30A","未掲載（対応画像未確認）","","",""
"光商工","LT-13","掲載","LT-13 メーカー掲載画像","https://www.hikari-gr.co.jp/dcms_media/image/LT-13.jpg","https://www.hikari-gr.co.jp/products/search/product02/list001/item_550"
"光商工","LIG-1A","掲載","LIG-1A メーカー掲載画像","https://www.hikari-gr.co.jp/dcms_media/image/LIG-1A.jpg","https://www.hikari-gr.co.jp/products/search/product02/list001/item_549"
"光商工","LIG-1B","未掲載（対応画像未確認）","","",""
"光商工","LIG-1C","未掲載（対応画像未確認）","","",""
"光商工","LIG-1D","未掲載（対応画像未確認）","","",""
"光商工","LIG-10A","掲載","LIG-10A メーカー掲載画像","https://www.hikari-gr.co.jp/dcms_media/image/LIG-10A.jpg","https://www.hikari-gr.co.jp/products/search/product02/list001/item_551"
"光商工","LIG-10B","未掲載（対応画像未確認）","","",""
"光商工","LIG-10C","未掲載（対応画像未確認）","","",""
"光商工","LIG-10D","未掲載（対応画像未確認）","","",""
"光商工","LIG-10M","掲載","LIG-10M メーカー掲載画像","https://www.hikari-gr.co.jp/dcms_media/image/LIG-10M.jpg","https://www.hikari-gr.co.jp/products/search/product02/list001/item_552"
"光商工","LIG-1M","未掲載（対応画像未確認）","","",""
"光商工","LIG-12","未掲載（対応画像未確認）","","",""
"三菱電機","QE82LG","未掲載（対応画像未確認）","","",""
"三菱電機","LG-5F","未掲載（対応画像未確認）","","",""
"三菱電機","LG-10F","未掲載（対応画像未確認）","","",""
"三菱電機","LG-5F-B","未掲載（対応画像未確認）","","",""
"三菱電機","LG-10F-B","未掲載（対応画像未確認）","","",""
"三菱電機","LG-5F-C","未掲載（対応画像未確認）","","",""
"三菱電機","LG-10F-C","未掲載（対応画像未確認）","","",""
"三菱電機","LG-5","未掲載（対応画像未確認）","","",""
"三菱電機","LG-10","未掲載（対応画像未確認）","","",""
"富士電機","UM20","未掲載（対応画像未確認）","","",""
"富士電機","UM21-AR3C2","未掲載（対応画像未確認）","","",""
"富士電機","UM20AB-C4","未掲載（対応画像未確認）","","",""
"富士電機","UM20AB-C8","未掲載（対応画像未確認）","","",""
"富士電機","UM20AX-M","未掲載（対応画像未確認）","","",""
"富士電機","UM20AX-DMY","未掲載（対応画像未確認）","","",""
"富士電機","UM20AY-A","未掲載（対応画像未確認）","","",""
"富士電機","UM20AY-E30","未掲載（対応画像未確認）","","",""
"富士電機","UM20AX-E30","未掲載（対応画像未確認）","","",""
"オムロン","K2GL-B1","未掲載（対応画像未確認）","","",""
"オムロン","K2GL-PN1","未掲載（対応画像未確認）","","",""
"オムロン","K2GL-PG1","未掲載（対応画像未確認）","","",""
"オムロン","K2GL-PN1L","未掲載（対応画像未確認）","","",""
"オムロン","K2GL-PG1L","未掲載（対応画像未確認）","","",""
"オムロン","K7GE-MGMA","掲載","K7GE-MG シリーズ参考画像","https://www.fa.omron.co.jp/Images/pf_3811-14-325636-orig.jpg","https://www.fa.omron.co.jp/products/family/3811/"
"オムロン","K7GE-MGMD","掲載","K7GE-MG シリーズ参考画像","https://www.fa.omron.co.jp/Images/pf_3811-14-325636-orig.jpg","https://www.fa.omron.co.jp/products/family/3811/"
"オムロン","K7GE-MG1","未掲載（対応画像未確認）","","",""
"泰和電気工業","HGF-R21","未掲載（対応画像未確認）","","",""
"泰和電気工業","HGF-AFT","未掲載（対応画像未確認）","","",""
"泰和電気工業","HGF-AIT","未掲載（対応画像未確認）","","",""
"泰和電気工業","HGF-AITO","未掲載（対応画像未確認）","","",""
"泰和電気工業","HGF-AOT","未掲載（対応画像未確認）","","",""
"泰和電気工業","HGF-BFT","未掲載（対応画像未確認）","","",""
"泰和電気工業","HGF-BIT","未掲載（対応画像未確認）","","",""
"泰和電気工業","HGF-BOT","未掲載（対応画像未確認）","","",""
"泰和電気工業","HGF-CF(H)","未掲載（対応画像未確認）","","",""
"泰和電気工業","HGF-DCA10","掲載","HGF-DCA10 製品一覧掲載画像","https://www.taiwadenki.co.jp/product/files/RH/RH19%2dJ%20HGF%2dDCA10%8E%CA%90%5E%2eJPG","https://www.taiwadenki.co.jp/product/product_search.php"
"泰和電気工業","HGF-DCV10","未掲載（対応画像未確認）","","",""
"泰和電気工業","HGF-FT","未掲載（対応画像未確認）","","",""
"泰和電気工業","HGF-FTS","未掲載（対応画像未確認）","","",""
"泰和電気工業","HGF-IT","未掲載（対応画像未確認）","","",""
"泰和電気工業","HGF-ITS","未掲載（対応画像未確認）","","",""
"泰和電気工業","HGF-MC10","未掲載（対応画像未確認）","","",""
"泰和電気工業","HGF-MV10","掲載","HGF-MV10 製品一覧掲載画像","https://www.taiwadenki.co.jp/product/files/RH/RH18%2dJ%20HGF%2dMV10%8E%CA%90%5E%2eJPG","https://www.taiwadenki.co.jp/product/product_search.php"
"泰和電気工業","HGF-MVB10","未掲載（対応画像未確認）","","",""
"泰和電気工業","HGF-OT","未掲載（対応画像未確認）","","",""
"泰和電気工業","HGF-ST","未掲載（対応画像未確認）","","",""
"泰和電気工業","HGF-VB","未掲載（対応画像未確認）","","",""
"泰和電気工業","HGF-VF(H)","未掲載（対応画像未確認）","","",""
"泰和電気工業","HGF-VFC","未掲載（対応画像未確認）","","",""
"泰和電気工業","TOC-2B","未掲載（対応画像未確認）","","",""
"泰和電気工業","TOC-4B","未掲載（対応画像未確認）","","",""
"泰和電気工業","TOC-4BN","未掲載（対応画像未確認）","","",""
"泰和電気工業","TOC-DA10","掲載","TOC-DA10 製品一覧掲載画像","https://www.taiwadenki.co.jp/product/files/RH/RH43%2dJ%20TOC%2dDA10%8E%CA%90%5E%2eJPG","https://www.taiwadenki.co.jp/product/product_search.php"
"泰和電気工業","TOC-DV10","掲載","TOC-DV10 製品一覧掲載画像","https://www.taiwadenki.co.jp/product/files/RH/RH44%2dJ%20TOC%2dDV10%8E%CA%90%5E%2eJPG","https://www.taiwadenki.co.jp/product/product_search.php"
"泰和電気工業","TOC-MA10","未掲載（対応画像未確認）","","",""
"泰和電気工業","TOC-MV10","未掲載（対応画像未確認）","","",""
"泰和電気工業","TOV-DV10","掲載","TOV-DV10 製品一覧掲載画像","https://www.taiwadenki.co.jp/product/files/RH/RH48%2dJ%20TOV%2dDV10%2eJPG","https://www.taiwadenki.co.jp/product/product_search.php"
"泰和電気工業","TOV-M10","未掲載（対応画像未確認）","","",""
"泰和電気工業","TUV-DV10","掲載","TUV-DV10 製品一覧掲載画像","https://www.taiwadenki.co.jp/product/files/RH/RH46%2dJ%20TUV%2dDV10%2eJPG","https://www.taiwadenki.co.jp/product/product_search.php"
"泰和電気工業","TUV-M10","未掲載（対応画像未確認）","","",""
"泰和電気工業","TRG-DV30","掲載","TRG-DV30 製品一覧掲載画像","https://www.taiwadenki.co.jp/product/files/RH/RH50%2dJ%20TRG%2dDV30%2eJPG","https://www.taiwadenki.co.jp/product/product_search.php"
"泰和電気工業","TRG-DV40","掲載","TRG-DV40 製品一覧掲載画像","https://www.taiwadenki.co.jp/product/files/RH/RH70%2dJ_TRG%2dDV40%2ejpg","https://www.taiwadenki.co.jp/product/product_search.php"
"泰和電気工業","TRG-DV50","掲載","TRG-DV50 製品一覧掲載画像","https://www.taiwadenki.co.jp/product/files/RH/RH80A%2dJ%81%40TRG%B0DV50%89%E6%91%9C%2ejpg","https://www.taiwadenki.co.jp/product/product_search.php"
"泰和電気工業","TVG-DV30","未掲載（対応画像未確認）","","",""
"泰和電気工業","TVG-DV31","掲載","TVG-DV31 製品一覧掲載画像","https://www.taiwadenki.co.jp/product/files/RH/RH68%2dJ%20TVG%2dDV31%90%D8%8E%E6%2eJPG","https://www.taiwadenki.co.jp/product/product_search.php"
"泰和電気工業","TSUV-1","未掲載（対応画像未確認）","","",""
"泰和電気工業","TSUV-1A","未掲載（対応画像未確認）","","",""
"泰和電気工業","TSUV-2","未掲載（対応画像未確認）","","",""
"泰和電気工業","TSUV-2A","未掲載（対応画像未確認）","","",""
"泰和電気工業","SHG-AF","未掲載（対応画像未確認）","","",""
"泰和電気工業","SHG-AF0","未掲載（対応画像未確認）","","",""
"泰和電気工業","SHG-AF2","未掲載（対応画像未確認）","","",""
"泰和電気工業","SHG-AF3前期","未掲載（対応画像未確認）","","",""
"泰和電気工業","SHG-AF3後期","未掲載（対応画像未確認）","","",""
"泰和電気工業","SHG-AFL2","未掲載（対応画像未確認）","","",""
"泰和電気工業","SHG-DA11","掲載","SHG-DA11 製品一覧掲載画像","https://www.taiwadenki.co.jp/product/files/RH/RH34%2dJ%20%20SHG%2dDA11%8E%CA%90%5E%2eJPG","https://www.taiwadenki.co.jp/product/product_search.php"
"泰和電気工業","SHG-DA21","掲載","SHG-DA21 製品一覧掲載画像","https://www.taiwadenki.co.jp/product/files/RH/RH36%2dJ%20SHG%2dDA21%8E%CA%90%5E%2eJPG","https://www.taiwadenki.co.jp/product/product_search.php"
"泰和電気工業","SHG-DF3","掲載","SHG-DF3 製品一覧掲載画像","https://www.taiwadenki.co.jp/product/files/RH/RH69%2dJ%20SHG%2dDF3%90%D8%82%E8%94%B2%82%AB%2ejpg","https://www.taiwadenki.co.jp/product/product_search.php"
"泰和電気工業","SHG-DV11","未掲載（対応画像未確認）","","",""
"泰和電気工業","SHG-DV21","未掲載（対応画像未確認）","","",""
"泰和電気工業","SHG-M10","未掲載（対応画像未確認）","","",""
"泰和電気工業","SHG-M11","未掲載（対応画像未確認）","","",""
"泰和電気工業","SHG-M20","未掲載（対応画像未確認）","","",""
"泰和電気工業","SHG-M21","未掲載（対応画像未確認）","","",""
"泰和電気工業","SHG-P10B","未掲載（対応画像未確認）","","",""
"泰和電気工業","SHG-P20B","未掲載（対応画像未確認）","","",""
"泰和電気工業","SHG-PM","未掲載（対応画像未確認）","","",""
"泰和電気工業","UP-50BK3","掲載","UP-50BK3 製品一覧掲載画像","https://www.taiwadenki.co.jp/product/files/RL/RL39%2dJ%20UP%2d50BK3%90%D8%82%E8%94%B2%82%AB%2ejpg","https://www.taiwadenki.co.jp/product/product_search.php"
"泰和電気工業","UP-50BK3M","未掲載（対応画像未確認）","","",""
"泰和電気工業","UP-50BK6","掲載","UP-50BK6 製品一覧掲載画像","https://www.taiwadenki.co.jp/product/files/RL/RL40%2dJ%20UP%2d50BK6%90%D8%82%E8%94%B2%82%AB%2ejpg","https://www.taiwadenki.co.jp/product/product_search.php"
"泰和電気工業","UP-50BK6M","掲載","UP-50BK6M 製品一覧掲載画像","https://www.taiwadenki.co.jp/product/files/RL/RL45%2dJ%20UP%2d50BK6M%90%D8%82%E8%94%B2%82%AB%2ejpg","https://www.taiwadenki.co.jp/product/product_search.php"
"泰和電気工業","UP-10A","未掲載（対応画像未確認）","","",""
"泰和電気工業","UP-10B","未掲載（対応画像未確認）","","",""
"泰和電気工業","UP-10D","掲載","UP-10D 製品一覧掲載画像","https://www.taiwadenki.co.jp/product/files/RL/RL37%2dJ%20UP%2d10D%94%B2%82%AB%8Fo%82%B5%2eJPG","https://www.taiwadenki.co.jp/product/product_search.php"
"泰和電気工業","UP-10DM","掲載","UP-10DM 製品一覧掲載画像","https://www.taiwadenki.co.jp/product/files/RL/RL43%2dJ%20UP%2d10DM%90%D8%82%E8%94%B2%82%AB%2ejpg","https://www.taiwadenki.co.jp/product/product_search.php"
"泰和電気工業","UP-10K","未掲載（対応画像未確認）","","",""
"泰和電気工業","UP-10LAS","未掲載（対応画像未確認）","","",""
"泰和電気工業","UP-5D","掲載","UP-5D 製品一覧掲載画像","https://www.taiwadenki.co.jp/product/files/RL/RL36%2dJ%20UP%2d5D%94%B2%82%AB%8Fo%82%B5%2eJPG","https://www.taiwadenki.co.jp/product/product_search.php"
"泰和電気工業","UP-5DM","未掲載（対応画像未確認）","","",""
"泰和電気工業","UPK-2D","未掲載（対応画像未確認）","","",""
"泰和電気工業","UPK-D","未掲載（対応画像未確認）","","",""
"泰和電気工業","UPR","未掲載（対応画像未確認）","","",""
"泰和電気工業","LGF-10B","未掲載（対応画像未確認）","","",""
"泰和電気工業","LGF-11B","掲載","LGF-11B 製品一覧掲載画像","https://www.taiwadenki.co.jp/product/files/RL/RL18%2dJ%20LGF%2d11B%8E%CA%90%5E%2ejpg","https://www.taiwadenki.co.jp/product/product_search.php"
"泰和電気工業","LGF-11F","掲載","LGF-11F 製品一覧掲載画像","https://www.taiwadenki.co.jp/product/files/RL/RL19%2dJ%20LGF%2d11F%8E%CA%90%5E%2ejpg","https://www.taiwadenki.co.jp/product/product_search.php"
"泰和電気工業","LGF-12B","未掲載（対応画像未確認）","","",""
"泰和電気工業","LGF-12F","未掲載（対応画像未確認）","","",""
"泰和電気工業","LGF-20B","未掲載（対応画像未確認）","","",""
"泰和電気工業","LGF-21B","掲載","LGF-21B 製品一覧掲載画像","https://www.taiwadenki.co.jp/product/files/RL/RL22%2dJ%20LGF%2d21B%8E%CA%90%5E%2eJPG","https://www.taiwadenki.co.jp/product/product_search.php"
"泰和電気工業","LGF-21F","掲載","LGF-21F 製品一覧掲載画像","https://www.taiwadenki.co.jp/product/files/RL/RL23%2dJ%20LGF%2d21F%8E%CA%90%5E%2eJPG","https://www.taiwadenki.co.jp/product/product_search.php"
"泰和電気工業","LGY-200A","未掲載（対応画像未確認）","","",""
"泰和電気工業","LGY-30A","未掲載（対応画像未確認）","","",""
"泰和電気工業","LL-200","未掲載（対応画像未確認）","","",""
"泰和電気工業","LL-200A","未掲載（対応画像未確認）","","",""
"泰和電気工業","LL-200B","未掲載（対応画像未確認）","","",""
"泰和電気工業","LL-30","未掲載（対応画像未確認）","","",""
"泰和電気工業","LL-30A","未掲載（対応画像未確認）","","",""
"泰和電気工業","LL-30B","未掲載（対応画像未確認）","","",""
"泰和電気工業","LL-30D","未掲載（対応画像未確認）","","",""
"泰和電気工業","LL-30D2","掲載","LL-30D2 製品一覧掲載画像","https://www.taiwadenki.co.jp/product/files/RL/RL10%2dJ%20LL%2d30D2%8E%CA%90%5E%2ejpg","https://www.taiwadenki.co.jp/product/product_search.php"
"泰和電気工業","LL-30K","未掲載（対応画像未確認）","","",""
"泰和電気工業","LL-30M","掲載","LL-30M 製品一覧掲載画像","https://www.taiwadenki.co.jp/product/files/RL/RL8%2dJ%20LL%2d30M%8E%CA%90%5E%2eJPG","https://www.taiwadenki.co.jp/product/product_search.php"
"泰和電気工業","LL-30MP","掲載","LL-30MP 製品一覧掲載画像","https://www.taiwadenki.co.jp/product/files/RL/RL9%2dJ%20LL%2d30MP%8E%CA%90%5E%2eJPG","https://www.taiwadenki.co.jp/product/product_search.php"
"泰和電気工業","LL-31KA","掲載","LL-31KA 製品一覧掲載画像","https://www.taiwadenki.co.jp/product/files/RL/RL12%2dJ%20LL%2d31K%2eJPG","https://www.taiwadenki.co.jp/product/product_search.php"
"泰和電気工業","LL-31KN","掲載","LL-31KN 製品一覧掲載画像","https://www.taiwadenki.co.jp/product/files/RL/RL12%2dJ%20LL%2d31K%2eJPG","https://www.taiwadenki.co.jp/product/product_search.php"
"泰和電気工業","LL-31M","未掲載（対応画像未確認）","","",""
"泰和電気工業","LGF-30B","未掲載（対応画像未確認）","","",""
"泰和電気工業","LGF-31B","未掲載（対応画像未確認）","","",""
"泰和電気工業","LGF-51B","未掲載（対応画像未確認）","","",""
"泰和電気工業","LGF-51F","未掲載（対応画像未確認）","","",""
"泰和電気工業","LL-50BKA","掲載","LL-50BKA 製品一覧掲載画像","https://www.taiwadenki.co.jp/product/files/RL/RL41A%2dJ%20LL%2d50BKA%90%D8%94%B2%82%AB%2ejpg","https://www.taiwadenki.co.jp/product/product_search.php"
"泰和電気工業","LL-50BKN","掲載","LL-50BKN 製品一覧掲載画像","https://www.taiwadenki.co.jp/product/files/RL/RL38%2dJ%20LL%2d50BK%94%B2%82%AB%8E%E6%82%E8%2ejpg","https://www.taiwadenki.co.jp/product/product_search.php"
"泰和電気工業","TVG-DV11","掲載","TVG-DV11 製品一覧掲載画像","https://www.taiwadenki.co.jp/product/files/RL/RL46%2dJ%20TVG%2dDV11%90%D8%82%E8%94%B2%82%AB%2ejpg","https://www.taiwadenki.co.jp/product/product_search.php"
"泰和電気工業","LSA-10B","未掲載（対応画像未確認）","","",""
"泰和電気工業","LSA-10F","未掲載（対応画像未確認）","","",""
"泰和電気工業","LSA-5B","未掲載（対応画像未確認）","","",""
"泰和電気工業","LSA-5F","未掲載（対応画像未確認）","","",""
"泰和電気工業","LSM-101B","未掲載（対応画像未確認）","","",""
"泰和電気工業","LSM-10B","未掲載（対応画像未確認）","","",""
"泰和電気工業","LSM-10F","未掲載（対応画像未確認）","","",""
"泰和電気工業","LSM-5B","未掲載（対応画像未確認）","","",""
"泰和電気工業","LSM-5F","未掲載（対応画像未確認）","","",""
"泰和電気工業","SLR-1B","未掲載（対応画像未確認）","","",""
"泰和電気工業","SLR-1F","未掲載（対応画像未確認）","","",""
"泰和電気工業","GRT-A","未掲載（対応画像未確認）","","",""
"泰和電気工業","RGR-1","未掲載（対応画像未確認）","","",""
"泰和電気工業","RGR-10","掲載","RGR-10 製品一覧掲載画像","https://www.taiwadenki.co.jp/product/files/RO/RO10%2dJ%20RGR%2d10%8E%CA%90%5E%2ejpg","https://www.taiwadenki.co.jp/product/product_search.php"
"泰和電気工業","RGR-2","掲載","RGR-2 製品一覧掲載画像","https://www.taiwadenki.co.jp/product/files/RO/RO8%2dJ%20RGR%2d2%8E%CA%90%5E%2eJPG","https://www.taiwadenki.co.jp/product/product_search.php"
"日立産機システム","HDR-OC1","未掲載（対応画像未確認）","","",""
"日立産機システム","HDR-OM1","未掲載（対応画像未確認）","","",""
"日立産機システム","HDR-OS1","未掲載（対応画像未確認）","","",""
"日立産機システム","HDR-GS1","未掲載（対応画像未確認）","","",""
"日立産機システム","HDR-GF1","未掲載（対応画像未確認）","","",""
"日立産機システム","HDR-VU1","未掲載（対応画像未確認）","","",""
"日立産機システム","HDR-VA1","未掲載（対応画像未確認）","","",""
"日立産機システム","HDR-YT1","未掲載（対応画像未確認）","","",""
"日立産機システム","HDR-OL1","未掲載（対応画像未確認）","","",""
"日立産機システム","HDR-HG1","未掲載（対応画像未確認）","","",""
"日立産機システム","HDL-A1A","未掲載（対応画像未確認）","","",""
"日立産機システム","HDL-A2A","未掲載（対応画像未確認）","","",""
"日立産機システム","HDL-A1","未掲載（対応画像未確認）","","",""
"日立産機システム","HDL-A2","未掲載（対応画像未確認）","","",""
"日立産機システム","ZE-1NF","掲載","ZE-1NF メーカー掲載画像","https://www.hitachi-ies.co.jp/products/kanshi/image/image_kanshi_ZE-1NF.jpg","https://www.hitachi-ies.co.jp/products/kanshi/zetsuen/index.html"
"日立産機システム","ZE-1NB","掲載","ZE-1NB メーカー掲載画像","https://www.hitachi-ies.co.jp/products/kanshi/image/image_kanshi_ZE-1NB.jpg","https://www.hitachi-ies.co.jp/products/kanshi/zetsuen/index.html"
"日立産機システム","ZE-1RF","掲載","ZE-1RF メーカー掲載画像","https://www.hitachi-ies.co.jp/products/kanshi/image/image_kanshi_ZE-1RF.jpg","https://www.hitachi-ies.co.jp/products/kanshi/zetsuen/index.html"
"日立産機システム","ZE-1RB","掲載","ZE-1RB メーカー掲載画像","https://www.hitachi-ies.co.jp/products/kanshi/image/image_kanshi_ZE-1RB.jpg","https://www.hitachi-ies.co.jp/products/kanshi/zetsuen/index.html"
"日立産機システム","ZE-2NF","掲載","ZE-2NF メーカー掲載画像","https://www.hitachi-ies.co.jp/products/kanshi/image/image_kanshi_ZE-2NF.jpg","https://www.hitachi-ies.co.jp/products/kanshi/zetsuen/index.html"
"日立産機システム","ZE-2NB","掲載","ZE-2NB メーカー掲載画像","https://www.hitachi-ies.co.jp/products/kanshi/image/image_kanshi_ZE-2NB.jpg","https://www.hitachi-ies.co.jp/products/kanshi/zetsuen/index.html"
"日立産機システム","ZE-2RF","掲載","ZE-2RF メーカー掲載画像","https://www.hitachi-ies.co.jp/products/kanshi/image/image_kanshi_ZE-2RF.jpg","https://www.hitachi-ies.co.jp/products/kanshi/zetsuen/index.html"
"日立産機システム","ZE-2RB","掲載","ZE-2RB メーカー掲載画像","https://www.hitachi-ies.co.jp/products/kanshi/image/image_kanshi_ZE-2RB.jpg","https://www.hitachi-ies.co.jp/products/kanshi/zetsuen/index.html"
"日立産機システム","ZE-6NF3","掲載","ZE-6NF3 メーカー掲載画像","https://www.hitachi-ies.co.jp/products/kanshi/image/image_kanshi_ZE-6NF3.jpg","https://www.hitachi-ies.co.jp/products/kanshi/zetsuen/index.html"
"日立産機システム","ZE-6NB3","掲載","ZE-6NB3 メーカー掲載画像","https://www.hitachi-ies.co.jp/products/kanshi/image/image_kanshi_ZE-6NB3.jpg","https://www.hitachi-ies.co.jp/products/kanshi/zetsuen/index.html"
"日立産機システム","ZE-6RF3","掲載","ZE-6RF3 メーカー掲載画像","https://www.hitachi-ies.co.jp/products/kanshi/image/image_kanshi_ZE-6RF3.jpg","https://www.hitachi-ies.co.jp/products/kanshi/zetsuen/index.html"
"日立産機システム","ZE-6RB3","掲載","ZE-6RB3 メーカー掲載画像","https://www.hitachi-ies.co.jp/products/kanshi/image/image_kanshi_ZE-6RB3.jpg","https://www.hitachi-ies.co.jp/products/kanshi/zetsuen/index.html"
"日立産機システム","ZE-10NF3","掲載","ZE-10NF3 メーカー掲載画像","https://www.hitachi-ies.co.jp/products/kanshi/image/image_kanshi_ZE-10NF3.jpg","https://www.hitachi-ies.co.jp/products/kanshi/zetsuen/index.html"
"日立産機システム","ZE-10NB3","掲載","ZE-10NB3 メーカー掲載画像","https://www.hitachi-ies.co.jp/products/kanshi/image/image_kanshi_ZE-10NB3.jpg","https://www.hitachi-ies.co.jp/products/kanshi/zetsuen/index.html"
"日立産機システム","ZE-10RF3","掲載","ZE-10RF3 メーカー掲載画像","https://www.hitachi-ies.co.jp/products/kanshi/image/image_kanshi_ZE-10RF3.jpg","https://www.hitachi-ies.co.jp/products/kanshi/zetsuen/index.html"
"日立産機システム","ZE-10RB3","掲載","ZE-10RB3 メーカー掲載画像","https://www.hitachi-ies.co.jp/products/kanshi/image/image_kanshi_ZE-10RB3.jpg","https://www.hitachi-ies.co.jp/products/kanshi/zetsuen/index.html"
"日立産機システム","ZE-1NF-4A","掲載","ZE-1NF-4A メーカー掲載画像","https://www.hitachi-ies.co.jp/products/kanshi/image/image_kanshi_ZE-1NF-4A.jpg","https://www.hitachi-ies.co.jp/products/kanshi/zetsuen/index.html"
"日立産機システム","ZE-1NB-4A","掲載","ZE-1NB-4A メーカー掲載画像","https://www.hitachi-ies.co.jp/products/kanshi/image/image_kanshi_ZE-1NB-4A.jpg","https://www.hitachi-ies.co.jp/products/kanshi/zetsuen/index.html"
"日立産機システム","ZE-2NF-4A","掲載","ZE-2NF-4A メーカー掲載画像","https://www.hitachi-ies.co.jp/products/kanshi/image/image_kanshi_ZE-2NF-4A.jpg","https://www.hitachi-ies.co.jp/products/kanshi/zetsuen/index.html"
"日立産機システム","ZE-2NB-4A","掲載","ZE-2NB-4A メーカー掲載画像","https://www.hitachi-ies.co.jp/products/kanshi/image/image_kanshi_ZE-2NB-4A.jpg","https://www.hitachi-ies.co.jp/products/kanshi/zetsuen/index.html"
"第一エレクトロニクス","DMR-F","未掲載（対応画像未確認）","","",""
"第一エレクトロニクス","DMR-RR","未掲載（対応画像未確認）","","",""
"第一エレクトロニクス","DMR-FR","未掲載（対応画像未確認）","","",""
"第一エレクトロニクス","DMR-B","未掲載（対応画像未確認）","","",""
"第一エレクトロニクス","DMR-S","未掲載（対応画像未確認）","","",""
"第一エレクトロニクス","DMR-FW","未掲載（対応画像未確認）","","",""
"第一エレクトロニクス","DMR-SW","未掲載（対応画像未確認）","","",""
"第一エレクトロニクス","DRPR-72","掲載","DRPR-72 メーカー掲載画像","https://www.daiichi-ele.co.jp/image/product-drpr-72-hero.jpg","https://www.daiichi-ele.co.jp/product/product_0102.html"
"第一エレクトロニクス","DVRR-72","掲載","DVRR-72 メーカー掲載画像","https://www.daiichi-ele.co.jp/image/product-dvrr-72-hero.jpg","https://www.daiichi-ele.co.jp/product/product_0104.html"
"第一エレクトロニクス","DLOR-110","掲載","DLOR-110 メーカー掲載画像","https://www.daiichi-ele.co.jp/image/product-dlor-110-hero.jpg","https://www.daiichi-ele.co.jp/product/product_0096.html"
"エネゲート","CUP-C1T","未掲載（対応画像未確認）","","",""
"美和電気","AE-511","掲載","AE-511 メーカー掲載画像","https://www.miwa-denki.co.jp/products/ae-511.jpg","https://www.miwa-denki.co.jp/products/keidenki/"
"美和電気","VC-8E2","掲載","VC-8E2 メーカー掲載画像","https://www.miwa-denki.co.jp/products/assets/2013/12/VC-8E.jpg","https://www.miwa-denki.co.jp/products/keidenki/"
"美和電気","PG-121","掲載","PG-121 メーカー掲載画像","https://www.miwa-denki.co.jp/products/assets/2013/12/PG-121.jpg","https://www.miwa-denki.co.jp/products/keidenki/"
"美和電気","PG-191","未掲載（対応画像未確認）","","",""
"美和電気","AE-302B","掲載","AE-302B メーカー掲載画像","https://www.miwa-denki.co.jp/products/assets/2013/12/AE-302B.jpg","https://www.miwa-denki.co.jp/products/keidenki/"
"美和電気","AE-501","未掲載（対応画像未確認）","","",""
"長谷川電機工業","RHG-1","掲載","RHG-1 メーカー掲載画像","https://www.hasegawa-elec.co.jp/hasegawa/wp-content/uploads/2024/06/RHG-1_01.png","https://www.hasegawa-elec.co.jp/archives/relay_cate/acrelay/ac-high"
"長谷川電機工業","RDG-UF8D","掲載","RDG-UF8D メーカー掲載画像","https://www.hasegawa-elec.co.jp/hasegawa/wp-content/uploads/2024/06/RDG-UF8D_01.png","https://www.hasegawa-elec.co.jp/archives/relay_cate/acrelay/ac-high"
"長谷川電機工業","VG-BM7A","掲載","VG-BM7A メーカー掲載画像","https://www.hasegawa-elec.co.jp/hasegawa/wp-content/uploads/2024/06/VG-BM7A_01.png","https://www.hasegawa-elec.co.jp/archives/relay_cate/acrelay/ac-high"
"長谷川電機工業","VDG-PD1","掲載","VDG-PD1・VVG-PD1 メーカー共通掲載画像","https://www.hasegawa-elec.co.jp/hasegawa/wp-content/uploads/2024/06/VDG-PD1_01.png","https://www.hasegawa-elec.co.jp/archives/relay_cate/acrelay/ac-high"
"長谷川電機工業","VVG-PD1","未掲載（対応画像未確認）","","",""
"長谷川電機工業","VG-HSV5","未掲載（対応画像未確認）","","",""
"長谷川電機工業","VG-BM4","未掲載（対応画像未確認）","","",""
"長谷川電機工業","VG-UF3T","未掲載（対応画像未確認）","","",""
"戸上電機製作所","LTR-R-O","掲載","LTR-Rシリーズ参考：写真はLTR-R-DO。選択型式そのものの写真ではありません。","https://www.togami-elec.co.jp/product/images/109_2_image.png","https://www.togami-elec.co.jp/product/sog_seigyo/product_202.php"
"戸上電機製作所","LTR-R-F","掲載","LTR-Rシリーズ参考：写真はLTR-R-DO。選択型式そのものの写真ではありません。","https://www.togami-elec.co.jp/product/images/109_2_image.png","https://www.togami-elec.co.jp/product/sog_seigyo/product_202.php"
"戸上電機製作所","LTR-R","掲載","LTR-Rシリーズ参考：写真はLTR-R-DO。選択型式そのものの写真ではありません。","https://www.togami-elec.co.jp/product/images/109_2_image.png","https://www.togami-elec.co.jp/product/sog_seigyo/product_202.php"
"戸上電機製作所","LTR-RS-O","掲載","LTR-Rシリーズ参考：写真はLTR-R-DO。選択型式そのものの写真ではありません。","https://www.togami-elec.co.jp/product/images/109_2_image.png","https://www.togami-elec.co.jp/product/sog_seigyo/product_202.php"
"戸上電機製作所","LTR-RS-OQ12","掲載","LTR-Rシリーズ参考：写真はLTR-R-DO。選択型式そのものの写真ではありません。","https://www.togami-elec.co.jp/product/images/109_2_image.png","https://www.togami-elec.co.jp/product/sog_seigyo/product_202.php"
"戸上電機製作所","LTR-R-DO","掲載","LTR-R-DO メーカー掲載画像","https://www.togami-elec.co.jp/product/images/109_2_image.png","https://www.togami-elec.co.jp/product/sog_seigyo/product_202.php"
"戸上電機製作所","LTR-R-DF","掲載","LTR-Rシリーズ参考：写真はLTR-R-DO。選択型式そのものの写真ではありません。","https://www.togami-elec.co.jp/product/images/109_2_image.png","https://www.togami-elec.co.jp/product/sog_seigyo/product_202.php"
"戸上電機製作所","LTR-R2-DF","掲載","LTR-Rシリーズ参考：写真はLTR-R-DO。選択型式そのものの写真ではありません。","https://www.togami-elec.co.jp/product/images/109_2_image.png","https://www.togami-elec.co.jp/product/sog_seigyo/product_202.php"
"戸上電機製作所","LTR-R-D","掲載","LTR-R-D メーカー掲載画像","https://www.togami-elec.co.jp/product/images/109_image.png","https://www.togami-elec.co.jp/product/sog_seigyo/product_202.php"
"戸上電機製作所","LTR-RS-DO","掲載","LTR-Rシリーズ参考：写真はLTR-R-DO。選択型式そのものの写真ではありません。","https://www.togami-elec.co.jp/product/images/109_2_image.png","https://www.togami-elec.co.jp/product/sog_seigyo/product_202.php"
"戸上電機製作所","LTR-RS-DOQ12","掲載","LTR-Rシリーズ参考：写真はLTR-R-DO。選択型式そのものの写真ではありません。","https://www.togami-elec.co.jp/product/images/109_2_image.png","https://www.togami-elec.co.jp/product/sog_seigyo/product_202.php"
"戸上電機製作所","LTR-RS-DOQ1222","掲載","LTR-Rシリーズ参考：写真はLTR-R-DO。選択型式そのものの写真ではありません。","https://www.togami-elec.co.jp/product/images/109_2_image.png","https://www.togami-elec.co.jp/product/sog_seigyo/product_202.php"
"戸上電機製作所","LTR-R-OT","掲載","LTR-Rシリーズ参考：写真はLTR-R-DO。選択型式そのものの写真ではありません。","https://www.togami-elec.co.jp/product/images/109_2_image.png","https://www.togami-elec.co.jp/product/sog_seigyo/product_202.php"
"戸上電機製作所","LTR-RS-OT","掲載","LTR-Rシリーズ参考：写真はLTR-R-DO。選択型式そのものの写真ではありません。","https://www.togami-elec.co.jp/product/images/109_2_image.png","https://www.togami-elec.co.jp/product/sog_seigyo/product_202.php"
"戸上電機製作所","LTR-RS-OTQ12","掲載","LTR-Rシリーズ参考：写真はLTR-R-DO。選択型式そのものの写真ではありません。","https://www.togami-elec.co.jp/product/images/109_2_image.png","https://www.togami-elec.co.jp/product/sog_seigyo/product_202.php"
"戸上電機製作所","LTR-R-DOT","掲載","LTR-Rシリーズ参考：写真はLTR-R-DO。選択型式そのものの写真ではありません。","https://www.togami-elec.co.jp/product/images/109_2_image.png","https://www.togami-elec.co.jp/product/sog_seigyo/product_202.php"
"戸上電機製作所","LTR-RS-DOT","掲載","LTR-Rシリーズ参考：写真はLTR-R-DO。選択型式そのものの写真ではありません。","https://www.togami-elec.co.jp/product/images/109_2_image.png","https://www.togami-elec.co.jp/product/sog_seigyo/product_202.php"
"戸上電機製作所","LTR-RS-DOTQ12","掲載","LTR-Rシリーズ参考：写真はLTR-R-DO。選択型式そのものの写真ではありません。","https://www.togami-elec.co.jp/product/images/109_2_image.png","https://www.togami-elec.co.jp/product/sog_seigyo/product_202.php"
"戸上電機製作所","LTR-RS-DOTQ1221","掲載","LTR-Rシリーズ参考：写真はLTR-R-DO。選択型式そのものの写真ではありません。","https://www.togami-elec.co.jp/product/images/109_2_image.png","https://www.togami-elec.co.jp/product/sog_seigyo/product_202.php"
"戸上電機製作所","LTR-R-DOP","掲載","LTR-Rシリーズ参考：写真はLTR-R-DO。選択型式そのものの写真ではありません。","https://www.togami-elec.co.jp/product/images/109_2_image.png","https://www.togami-elec.co.jp/product/sog_seigyo/product_202.php"
"戸上電機製作所","LTR-R-OP","掲載","LTR-Rシリーズ参考：写真はLTR-R-DO。選択型式そのものの写真ではありません。","https://www.togami-elec.co.jp/product/images/109_2_image.png","https://www.togami-elec.co.jp/product/sog_seigyo/product_202.php"
"戸上電機製作所","LTR-R-OTP","掲載","LTR-Rシリーズ参考：写真はLTR-R-DO。選択型式そのものの写真ではありません。","https://www.togami-elec.co.jp/product/images/109_2_image.png","https://www.togami-elec.co.jp/product/sog_seigyo/product_202.php"
"戸上電機製作所","LTR-R-DOTP","掲載","LTR-Rシリーズ参考：写真はLTR-R-DO。選択型式そのものの写真ではありません。","https://www.togami-elec.co.jp/product/images/109_2_image.png","https://www.togami-elec.co.jp/product/sog_seigyo/product_202.php"
"戸上電機製作所","LTR-RS-DOLQ12","掲載","LTR-Rシリーズ参考：写真はLTR-R-DO。選択型式そのものの写真ではありません。","https://www.togami-elec.co.jp/product/images/109_2_image.png","https://www.togami-elec.co.jp/product/sog_seigyo/product_202.php"
"戸上電機製作所","LTR-RS-OLQ12","掲載","LTR-Rシリーズ参考：写真はLTR-R-DO。選択型式そのものの写真ではありません。","https://www.togami-elec.co.jp/product/images/109_2_image.png","https://www.togami-elec.co.jp/product/sog_seigyo/product_202.php"
"戸上電機製作所","LTR-R-DB","掲載","LTR-R-DB メーカー掲載画像","https://www.togami-elec.co.jp/product/images/109_1_image.png","https://www.togami-elec.co.jp/product/sog_seigyo/product_202.php"
"戸上電機製作所","LTR-R-DOB","掲載","LTR-Rシリーズ参考：写真はLTR-R-DO。選択型式そのものの写真ではありません。","https://www.togami-elec.co.jp/product/images/109_2_image.png","https://www.togami-elec.co.jp/product/sog_seigyo/product_202.php"
"戸上電機製作所","LTR-R-DOTB","掲載","LTR-Rシリーズ参考：写真はLTR-R-DO。選択型式そのものの写真ではありません。","https://www.togami-elec.co.jp/product/images/109_2_image.png","https://www.togami-elec.co.jp/product/sog_seigyo/product_202.php"
"戸上電機製作所","LTR-R-DFB","掲載","LTR-Rシリーズ参考：写真はLTR-R-DO。選択型式そのものの写真ではありません。","https://www.togami-elec.co.jp/product/images/109_2_image.png","https://www.togami-elec.co.jp/product/sog_seigyo/product_202.php"
"戸上電機製作所","LTR-RS-DOTB","掲載","LTR-Rシリーズ参考：写真はLTR-R-DO。選択型式そのものの写真ではありません。","https://www.togami-elec.co.jp/product/images/109_2_image.png","https://www.togami-elec.co.jp/product/sog_seigyo/product_202.php"
"戸上電機製作所","LTR-RS-DOBQ12","掲載","LTR-Rシリーズ参考：写真はLTR-R-DO。選択型式そのものの写真ではありません。","https://www.togami-elec.co.jp/product/images/109_2_image.png","https://www.togami-elec.co.jp/product/sog_seigyo/product_202.php"
"戸上電機製作所","LTR-RS-DOTBQ12","掲載","LTR-Rシリーズ参考：写真はLTR-R-DO。選択型式そのものの写真ではありません。","https://www.togami-elec.co.jp/product/images/109_2_image.png","https://www.togami-elec.co.jp/product/sog_seigyo/product_202.php"
"エナジーサポート","GCL-R2-J","掲載","GCL-R2-J メーカー外形図","https://www.energys.co.jp/resource/img/equipment/sog/non-directional/dimensions-01.jpg","https://www.energys.co.jp/equipment/sog/non-directional/"
"エナジーサポート","GCL-R2-JV","未掲載（対応画像未確認）","","",""
"エナジーサポート","GCL-R2-S","掲載","GCL-R2-S メーカー外形図","https://www.energys.co.jp/resource/img/equipment/sog/non-directional/dimensions-02.jpg","https://www.energys.co.jp/equipment/sog/non-directional/"
"エナジーサポート","GCL-R2-SV","未掲載（対応画像未確認）","","",""
"エナジーサポート","GCL-R2-M","未掲載（対応画像未確認）","","",""
"エナジーサポート","DGCL-R3-J","掲載","DGCL-R3-J メーカー外形図","https://www.energys.co.jp/resource/img/equipment/sog/directional/dimensions-01.jpg","https://www.energys.co.jp/equipment/sog/directional/"
"エナジーサポート","DGCL-R3-JV","未掲載（対応画像未確認）","","",""
"エナジーサポート","DGCL-R3-S","掲載","DGCL-R3-S メーカー外形図","https://www.energys.co.jp/resource/img/equipment/sog/directional/dimensions-02.jpg","https://www.energys.co.jp/equipment/sog/directional/"
"エナジーサポート","DGCL-R3-SV","未掲載（対応画像未確認）","","",""
"エナジーサポート","DGCL-R3-M","未掲載（対応画像未確認）","","",""
"日本高圧電気","RAS-5","未掲載（対応画像未確認）","","",""
"日本高圧電気","RDG-5","未掲載（対応画像未確認）","","",""
"大垣電機","OR-SOG","未掲載（対応画像未確認）","","",""
"大垣電機","OR-SOG2","未掲載（対応画像未確認）","","",""
"大垣電機","OR-SOG3","未掲載（対応画像未確認）","","",""
"大垣電機","OR-SOG5","未掲載（対応画像未確認）","","",""
"大垣電機","OR-SOG51","未掲載（対応画像未確認）","","",""
"大垣電機","OR-SOG6","未掲載（対応画像未確認）","","",""
"大垣電機","LDG-28","未掲載（対応画像未確認）","","",""
"大垣電機","ODG-S1A","未掲載（対応画像未確認）","","",""
"大垣電機","ODG-F4","未掲載（対応画像未確認）","","",""
"大垣電機","ODG-TF1","未掲載（対応画像未確認）","","",""
"大垣電機","ODG-TB1","未掲載（対応画像未確認）","","",""
"大垣電機","ODG-S2A","未掲載（対応画像未確認）","","",""
"大垣電機","ODG-S3","未掲載（対応画像未確認）","","",""
"大垣電機","ODG-S31","未掲載（対応画像未確認）","","",""
"大垣電機","ODG-S5","未掲載（対応画像未確認）","","",""
"大垣電機","ODG-S6","未掲載（対応画像未確認）","","",""
"三英社製作所","RM646","未掲載（対応画像未確認）","","",""
"三英社製作所","RM647","掲載","RM647制御装置を含む開閉器一式の外観（単体写真ではありません）","https://san-eisha.co.jp/wp-content/uploads/2025/09/03_SB010-RM647.png","https://san-eisha.co.jp/products/sb010-rm647/"
"三英社製作所","RM647L7","未掲載（対応画像未確認）","","",""
"三英社製作所","RM647L4","未掲載（対応画像未確認）","","",""
"三英社製作所","RM641","未掲載（対応画像未確認）","","",""
"三英社製作所","RM634","未掲載（対応画像未確認）","","",""
"三英社製作所","RM619","未掲載（対応画像未確認）","","",""
"三英社製作所","RG488","未掲載（対応画像未確認）","","",""
"三英社製作所","RG491","未掲載（対応画像未確認）","","",""
"正興電機製作所","GD-B","掲載","GD-B メーカー掲載画像","https://www.seiko-denki.co.jp/img/product/component/roudenrelay/relay001.png","https://www.seiko-denki.co.jp/product/component/roudenrelay/"
"正興電機製作所","GD-C","掲載","GD-C メーカー掲載画像","https://www.seiko-denki.co.jp/img/product/component/roudenrelay/relay002.png","https://www.seiko-denki.co.jp/product/component/roudenrelay/"
"正興電機製作所","GD-D","掲載","GD-D メーカー掲載画像","https://www.seiko-denki.co.jp/img/product/component/roudenrelay/relay003.png","https://www.seiko-denki.co.jp/product/component/roudenrelay/"
"正興電機製作所","GD-E","掲載","GD-E メーカー掲載画像","https://www.seiko-denki.co.jp/img/product/component/roudenrelay/relay005.jpg","https://www.seiko-denki.co.jp/product/component/roudenrelay/"
"正興電機製作所","GD-W","掲載","GD-W メーカー掲載画像","https://www.seiko-denki.co.jp/img/product/component/roudenrelay/roudenrelayGD-W.jpg","https://www.seiko-denki.co.jp/product/component/roudenrelay/"
"テンパール工業","SG-AL5","未掲載（対応画像未確認）","","",""
"テンパール工業","SG-AL4K","未掲載（対応画像未確認）","","",""
"テンパール工業","SG-B5","未掲載（対応画像未確認）","","",""
"テンパール工業","SG-B2","未掲載（対応画像未確認）","","",""
"テンパール工業","SG-B1","未掲載（対応画像未確認）","","",""
"テンパール工業","DS-IT","未掲載（対応画像未確認）","","",""
"テンパール工業","DS-IU","未掲載（対応画像未確認）","","",""
"テンパール工業","DS-ST","未掲載（対応画像未確認）","","",""
"寺崎電気産業","TZS-15HD","未掲載（対応画像未確認）","","",""
"寺崎電気産業","TZS-15MD","未掲載（対応画像未確認）","","",""
"寺崎電気産業","TZS-24HD","未掲載（対応画像未確認）","","",""
"寺崎電気産業","TZS-24MD","未掲載（対応画像未確認）","","",""
"寺崎電気産業","TZS-40HD","未掲載（対応画像未確認）","","",""
"寺崎電気産業","TZS-40MD","未掲載（対応画像未確認）","","",""
"寺崎電気産業","TZS-68HD","未掲載（対応画像未確認）","","",""
"寺崎電気産業","TZS-68MD","未掲載（対応画像未確認）","","",""
"寺崎電気産業","TZS-100HD","未掲載（対応画像未確認）","","",""
"寺崎電気産業","TZS-100MD","未掲載（対応画像未確認）","","",""
"寺崎電気産業","PRS-1H","掲載","PRS-1H メーカー掲載画像","https://www.terasaki.co.jp/img/business/breaker/img_prs_1s_02.jpg","https://www.terasaki.co.jp/business/breaker/prs-1h.html"
"寺崎電気産業","PRS-1S","未掲載（対応画像未確認）","","",""
"トーエネック","DGR-LTH","未掲載（対応画像未確認）","","",""
"トーエネック","DGR-LTM","未掲載（対応画像未確認）","","",""
"不二電機工業","FVS-SSA-100/220","未掲載（対応画像未確認）","","",""
"不二電機工業","FVS-SSB-100/220","未掲載（対応画像未確認）","","",""
"不二電機工業","FVS-SSC-100/220","未掲載（対応画像未確認）","","",""
"不二電機工業","FVS-SU-100/220-A","未掲載（対応画像未確認）","","",""
"不二電機工業","FVS-SO-100/220-A","未掲載（対応画像未確認）","","",""
"不二電機工業","FVS-SUB-100/220-A","未掲載（対応画像未確認）","","",""
"不二電機工業","FVS-SOB-100/220-A","未掲載（対応画像未確認）","","",""
"不二電機工業","FVS-HDF-100/220-A","未掲載（対応画像未確認）","","",""
"不二電機工業","FVS-HUF-100/220-A","未掲載（対応画像未確認）","","",""
"不二電機工業","FVS-HWF-100/220-A","未掲載（対応画像未確認）","","",""
"不二電機工業","FVS-HWE-100/220-A","未掲載（対応画像未確認）","","",""
"不二電機工業","FVS-D-100/220-A","未掲載（対応画像未確認）","","",""
"不二電機工業","FVS-U-100/220-A","未掲載（対応画像未確認）","","",""
"不二電機工業","PTS","未掲載（対応画像未確認）","","",""
"ミドリ安全","IGR-500-A1","未掲載（対応画像未確認）","","",""
"ミドリ安全","IGR-500-B1","未掲載（対応画像未確認）","","",""
"ミドリ安全","IGR-500-A4","未掲載（対応画像未確認）","","",""
"ミドリ安全","IGR-500-A8","未掲載（対応画像未確認）","","",""
"ミドリ安全","IGR-500-B4","未掲載（対応画像未確認）","","",""
"ミドリ安全","IGR-500-B8","未掲載（対応画像未確認）","","",""
"ミドリ安全","IGR-400-A1","未掲載（対応画像未確認）","","",""
"ミドリ安全","IGR-400-A4","未掲載（対応画像未確認）","","",""
"ミドリ安全","IGR-400-A8","未掲載（対応画像未確認）","","",""
"ミドリ安全","IGR-400-B4","未掲載（対応画像未確認）","","",""
"ミドリ安全","IGR-400-B8","未掲載（対応画像未確認）","","",""
"ミドリ安全","IGR-10","未掲載（対応画像未確認）","","",""
"ミドリ安全","HIGR-400","未掲載（対応画像未確認）","","",""
"ミドリ安全","HIGR-300A-s","未掲載（対応画像未確認）","","",""
"ミドリ安全","EL-800IGR/M","未掲載（対応画像未確認）","","",""
"ミドリ安全","IGR-508P","未掲載（対応画像未確認）","","",""
"ミドリ安全","PT-HIGR-400","未掲載（対応画像未確認）","","",""
"ミドリ安全","TB-55","未掲載（対応画像未確認）","","",""
"日立アイイーシステム","IMS","未掲載（対応画像未確認）","","",""
"日立アイイーシステム","IMS-Lite","未掲載（対応画像未確認）","","",""